"database","RBP_name","motif_id","motif_alt_id"
"oRNAment","A1CF","1.5","AATAWAV"
"oRNAment","A1CF","1.4","AGHTCGG"
"CisBP_RNA","A1CF","1.2.1","DTAATTV"
"oRNAment","A1CF","1.1.2","NTAATTA"
"oRNAment","A1CF","1.3","SGGRCTG"
"oRNAment","A1CF","1.2.2","VAATCAN"
"CisBP_RNA","A1CF","1.1.1","WTAATTR"
"oRNAment","A1CF","1.6","WTAATTR"
"CisBP_RNA","A2BP1","1.2","TGCATG"
"CisBP_RNA","A2BP1","1.1","WGCATGM"
"mCross","AARS","1.4","BHVTTWCCAVW"
"mCross","AARS","1.3","DNGATCATANN"
"mCross","AARS","1.8","DRKTCAGACHB"
"mCross","AARS","1.7","HKDTCCCAAVW"
"mCross","AARS","1.9","HWTGAGACABK"
"mCross","AARS","1.6","NBTGTCBTRVD"
"mCross","AARS","1.5","NNAAGSCCTNN"
"mCross","AARS","1.10","WSARYTCACYK"
"mCross","AARS","1.2","YNGWCATAGDW"
"mCross","AARS","1.1","YWTDGCTAGKB"
"CisBP_RNA","ACO1","1.1","YAGDRH"
"RBPDB","ACO1","1.2","YAGDRH"
"mCross","AGGF1","1.5.2","AYACACACAYN"
"mCross","AGGF1","1.6","DDAARAARADD"
"mCross","AGGF1","1.4.2","DDAAWGAAGNN"
"mCross","AGGF1","1.1.2","DDGAAGAAAND"
"mCross","AGGF1","1.1.1","DDGAAGAWAND"
"mCross","AGGF1","1.3.2","DNAAGAAMTDN"
"mCross","AGGF1","1.4.1","DNWRGAAGANN"
"mCross","AGGF1","1.5.1","NDAAGAAHTDD"
"mCross","AGGF1","1.3.1","NDAAWGAAGNN"
"mCross","AGGF1","1.2.1","NDRGAAGAADN"
"mCross","AGGF1","1.2.2","YRCACACACHY"
"CisBP_RNA","ANKHD1","1.1","AGACGWW"
"oRNAment","ANKHD1","1.2","AGACGWW"
"CisBP_RNA","ANKRD17","1","AGACGWW"
"mCross","AUH","1.6.1","BBCTCKGTCVB"
"mCross","AUH","1.3.2","BHGCATTKTDN"
"mCross","AUH","1.5.1","BNATGAGTGNN"
"mCross","AUH","1.9.2","BYCATAGATBN"
"mCross","AUH","1.3.1","DKGGCSCTRNN"
"mCross","AUH","1.6.2","DRAGCTSTWNN"
"mCross","AUH","1.1.1","HDGCBTTAAND"
"mCross","AUH","1.2.2","HKTCATAGADV"
"mCross","AUH","1.7.1","HWGTTAGSGVN"
"mCross","AUH","1.4.1","KNTGSGTAGRR"
"mCross","AUH","1.7.2","NNCCTAAAGNN"
"mCross","AUH","1.2.1","NNGGTTTBGNN"
"mCross","AUH","1.8.2","NYTTAAGCKNH"
"mCross","AUH","1.1.2","VDAAVACACHG"
"mCross","AUH","1.4.2","VNGTACCCCVH"
"mCross","AUH","1.5.2","WDATAGATCND"
"mCross","AUH","1.8.1","WKTWTCGGCHD"
"mCross","AUH","1.9.1","YNHSTGTAABN"
"mCross","AUH","1.10","YYCATABCADD"
"CisBP_RNA","B020018G12RIK","1","RYGCGCB"
"mCross","BCCIP","1.3","DDGGAGAGGVN"
"mCross","BCCIP","1.8","DNRGAGGGMNN"
"mCross","BCCIP","1.7","GGGAGGGCAGV"
"mCross","BCCIP","1.1","NDBAGGGAGVN"
"mCross","BCCIP","1.6","NDGGSAGGCND"
"mCross","BCCIP","1.5","NDGRGAGGGVV"
"mCross","BCCIP","1.2","NDGSAGGGAGV"
"mCross","BCCIP","1.9","NNAGGSAGGVV"
"mCross","BCCIP","1.4","NRGGGAGRGVV"
"oRNAment","BOLL","1.4","NTTTTTN"
"oRNAment","BOLL","1.2","TDTGTTN"
"oRNAment","BOLL","1.3","TTADTTN"
"oRNAment","BOLL","1.1","TTNTTNN"
"CisBP_RNA","BRUNOL4","1","KGTGTKK"
"CisBP_RNA","BRUNOL5","1","TGTGTKK"
"CisBP_RNA","BRUNOL6","1","TGTGDKG"
"mCross","BUD13","1.2.2","HYTTBGAACHN"
"mCross","BUD13","1.1.2","HYTTTCAGGNN"
"mCross","BUD13","1.2.1","NDGGTAWGTNN"
"mCross","BUD13","1.8","NDGTAAGTANN"
"mCross","BUD13","1.5.1","NDGTGAGTVNB"
"mCross","BUD13","1.5.2","NDSAAGAAADD"
"mCross","BUD13","1.7.1","NNATGGACCNN"
"mCross","BUD13","1.9","NNATTCGAGNN"
"mCross","BUD13","1.4.2","NNCAGGTAAGN"
"mCross","BUD13","1.1.1","NNMAGGTRAGN"
"mCross","BUD13","1.6.1","NNTGATGGANN"
"mCross","BUD13","1.4.1","NNTTTCAGGNN"
"mCross","BUD13","1.3.2","NVAGGTADGNN"
"mCross","BUD13","1.3.1","NVAGGTRAGNN"
"mCross","BUD13","1.6.2","NYTTTKCAGNN"
"mCross","BUD13","1.7.2","YTTTGCAGANN"
"CisBP_RNA","BX511012.1","1","AGAGAVM"
"mCross","CDC40","1.3","DVAGGTTACNN"
"mCross","CDC40","1.4","HHCCTTAGCNN"
"mCross","CDC40","1.1","KDGGGAKACNN"
"mCross","CDC40","1.2","THTAATHGGDN"
"oRNAment","CELF1","1.2","GTSWTGT"
"oRNAment","CELF1","1.3","THARTGT"
"oRNAment","CELF1","1.1","TKTHTGT"
"CisBP_RNA","CELF3","1","TGTGTKK"
"CisBP_RNA","CELF4","1","KGTGTKK"
"CisBP_RNA","CELF6","1","TGTGDKG"
"CisBP_RNA","CIRBP","1","RADACKA"
"oRNAment","Cnot4","1","ASACAHW"
"oRNAment","CNOT4","1.4","AACAGHW"
"oRNAment","CNOT4","1.1","ACASANN"
"oRNAment","CNOT4","1.2","ATAYATA"
"CisBP_RNA","CNOT4","1","GACAGAN"
"oRNAment","CNOT4","1.5","GACAGAN"
"oRNAment","CNOT4","1.3","GCYCCCV"
"oRNAment","CPEB1","1","NTTTTTA"
"CisBP_RNA","CPEB2","1.1","CHTTTTT"
"oRNAment","CPEB2","1.2","CHTTTTT"
"CisBP_RNA","CPEB3","1","NTTTTTT"
"CisBP_RNA","CPEB4","1.1","NTTTTTT"
"oRNAment","CPEB4","1.2","NTTTTTT"
"mCross","CPSF6","1.3","DDAAAGAAGVN"
"mCross","CPSF6","1.4","DDARAAGAADN"
"mCross","CPSF6","1.5","DDARGAAGAND"
"mCross","CPSF6","1.1","DDGAAGAWRND"
"mCross","CPSF6","1.2","NDAAGAAAGNN"
"CisBP_RNA","CSDA","1","AACATCN"
"mCross","CSTF2","1.1","NDGTGTCTTNN"
"mCross","CSTF2","1.4","NNTGTGTTYHN"
"mCross","CSTF2","1.3","NNTSTSTSTNN"
"mCross","CSTF2","1.2","NNTTGTGTSNN"
"mCross","CSTF2T","1.2","BDGGGAGGVNV"
"mCross","CSTF2T","1.4","DKGGRGAGGVV"
"mCross","CSTF2T","1.5","NDGGGAGRGVV"
"mCross","CSTF2T","1.1","NDGRGAGGGVV"
"mCross","CSTF2T","1.6","NDGSAGGGAGV"
"mCross","CSTF2T","1.7","NNDGGGGAGGV"
"mCross","CSTF2T","1.8","NNSAGGGAGVV"
"mCross","CSTF2T","1.3","RKGAGGGSAVV"
"oRNAment","DAZ3","1.5","GTTCCGY"
"oRNAment","DAZ3","1.6","GTTCTMG"
"oRNAment","DAZ3","1.4","GTTTANN"
"oRNAment","DAZ3","1.2","GTTTKDN"
"oRNAment","DAZ3","1.1","NCAGTTN"
"oRNAment","DAZ3","1.3","NWHGTTA"
"oRNAment","DAZAP1","1.2","HTANNTA"
"oRNAment","DAZAP1","1.3","TAAVTWA"
"CisBP_RNA","DAZAP1","1","TAGKWWR"
"oRNAment","DAZAP1","1.4","TAGKWWR"
"oRNAment","DAZAP1","1.1","TARTATA"
"mCross","DDX24","1.1","DNAAGAAMMND"
"mCross","DDX24","1.2","HDGAAAACCNN"
"mCross","DDX24","1.7","HNAAGCCAANN"
"mCross","DDX24","1.6","NNACCAAAGBN"
"mCross","DDX24","1.3","NNAGAACAANN"
"mCross","DDX24","1.9","NNAGCAACTBB"
"mCross","DDX24","1.8","NNAGGTAWGNN"
"mCross","DDX24","1.4","NVAGTAAGTNN"
"mCross","DDX24","1.5","WMATYGATANR"
"mCross","DDX3X","1.1.1","BBCCGCGCTBB"
"mCross","DDX3X","1.3.1","BBCGCGCTGBB"
"mCross","DDX3X","1.3.2","BBCGCGCTTBB"
"mCross","DDX3X","1.4.1","BBCGGCCGCBS"
"mCross","DDX3X","1.5.2","BBCGGCGGTBB"
"mCross","DDX3X","1.9.1","BBGGCGCTRBB"
"mCross","DDX3X","1.2.1","BBMGCCGCGBB"
"mCross","DDX3X","1.9.2","BBTCCGGCGBB"
"mCross","DDX3X","1.8.1","BNGCCGCCGBB"
"mCross","DDX3X","1.7.2","BNGCGCGACBN"
"mCross","DDX3X","1.6.2","BNTGACGCGVB"
"mCross","DDX3X","1.8.2","BNTGGCGGCBN"
"mCross","DDX3X","1.4.2","NBATGGCGGNN"
"mCross","DDX3X","1.5.1","NBCGCGGCCBB"
"mCross","DDX3X","1.10","NBCGCGGCCNB"
"mCross","DDX3X","1.1.2","NNCATGGCGNN"
"mCross","DDX3X","1.2.2","NNCGGTRGCND"
"mCross","DDX3X","1.6.1","NNTRGCGGCBS"
"mCross","DDX3X","1.7.1","SNGCGCGRCBB"
"mCross","DDX55","1.1.2","BBCGACGCANR"
"mCross","DDX55","1.3.1","BVCGCGCTHKB"
"mCross","DDX55","1.1.1","DHTGCTGTANN"
"mCross","DDX55","1.4.2","DNAACTATCNN"
"mCross","DDX55","1.6.1","KTTTYKGTTBB"
"mCross","DDX55","1.7.2","NBCTCCCAABH"
"mCross","DDX55","1.3.2","NBTCTCACGNN"
"mCross","DDX55","1.9.2","NDACACTACNN"
"mCross","DDX55","1.8.1","NDCMKTATTYN"
"mCross","DDX55","1.5.2","NDGCGCATMBH"
"mCross","DDX55","1.2.1","NDGCTGTWTDH"
"mCross","DDX55","1.8.2","NHTTGTCKTBN"
"mCross","DDX55","1.9.1","NNACTTTKTNN"
"mCross","DDX55","1.5.1","NNATCATGTNN"
"mCross","DDX55","1.10.1","NNCGAMGCAKN"
"mCross","DDX55","1.6.2","NNCKATTCCNN"
"mCross","DDX55","1.2.2","NNTAYKCTCYB"
"mCross","DDX55","1.4.1","SKGTCGYGTBB"
"mCross","DDX55","1.7.1","TTTYGCTAGRN"
"mCross","DDX55","1.10.2","YNCTCBCACBB"
"mCross","DDX59","1.5","BBWGTCCCCNN"
"mCross","DDX59","1.8","BNGACCCCTBB"
"mCross","DDX59","1.6","NNHCCCCTTBY"
"mCross","DDX59","1.1","YYCCCHTCYYY"
"mCross","DDX59","1.4","YYCHTCCCTBY"
"mCross","DDX59","1.3","YYCMCTTCCYY"
"mCross","DDX59","1.7","YYCTCCCHTBY"
"mCross","DDX59","1.2","YYYCCCHTCYY"
"mCross","DDX6","1.9","DDTKGGTTAGG"
"mCross","DDX6","1.3.2","DKTGCATGCNN"
"mCross","DDX6","1.5.2","DYATAGTCCHD"
"mCross","DDX6","1.2.2","HYCTAATYGDR"
"mCross","DDX6","1.7.2","KKGCATGCANK"
"mCross","DDX6","1.3.1","KNAGTTSCCBN"
"mCross","DDX6","1.2.1","NDCMACGCGSN"
"mCross","DDX6","1.6.2","NDGCTGTATDD"
"mCross","DDX6","1.6.1","NNAGTGCTANV"
"mCross","DDX6","1.5.1","NNCCTGCATKN"
"mCross","DDX6","1.4.1","NNSTGCATGBN"
"mCross","DDX6","1.7.1","NVCGCGTKGBY"
"mCross","DDX6","1.8","SNGAGCCTTYN"
"mCross","DDX6","1.1.1","TBTGCATGCHN"
"mCross","DDX6","1.4.2","TDTSGCTAGNN"
"mCross","DDX6","1.1.2","WTTTGTAMADN"
"mCross","DGCR8","1.6","AYTAYKATAVV"
"mCross","DGCR8","1.1","BYCTAGCACYW"
"mCross","DGCR8","1.4","DNACTAGCANN"
"mCross","DGCR8","1.9","DVAACCKTCBM"
"mCross","DGCR8","1.8","HNCATTAGAVH"
"mCross","DGCR8","1.3","NBCGCTTWGBS"
"mCross","DGCR8","1.10","NDGCATTGTNN"
"mCross","DGCR8","1.7","NHATTGCAANN"
"mCross","DGCR8","1.2","NHTTGTACANN"
"mCross","DGCR8","1.5","NNACAATGTNN"
"mCross","DHX30","1.1","HASCCATACHV"
"mCross","DHX30","1.2","KKGGTAAMARN"
"mCross","DKC1","1.5","BNTGAACAANN"
"mCross","DKC1","1.1","GHATGWGTGNG"
"mCross","DKC1","1.9","GTGTGTGTGTG"
"mCross","DKC1","1.6","GTGTGYATGBG"
"mCross","DKC1","1.3","HDAAACSSGKV"
"mCross","DKC1","1.8","NDGAACAAANB"
"mCross","DKC1","1.7","NDGGTSAATGN"
"mCross","DKC1","1.2","NNACTCTDTNN"
"mCross","DKC1","1.10","TGTGTGTGTGT"
"mCross","DKC1","1.4","WCTATACCGTC"
"mCross","EFTUD2","1.2","DKGTAAGTWBN"
"mCross","EFTUD2","1.1","DKTAAGTAWNN"
"mCross","EFTUD2","1.3","NDGGTAATTBN"
"mCross","EFTUD2","1.5","NDGGTATGTBB"
"mCross","EFTUD2","1.7","NNAGGTADGNN"
"mCross","EFTUD2","1.6","NNTAAGGTANN"
"mCross","EFTUD2","1.4","NNWGTAAGTNN"
"CisBP_RNA","EIF2S1","1","WGCATGN"
"mCross","EIF3D","1.7","BDGTATCGCNN"
"mCross","EIF3D","1.2","BSCGGCGATKN"
"mCross","EIF3D","1.10","NDGSGGAACNB"
"mCross","EIF3D","1.8","NNCAACTGGNN"
"mCross","EIF3D","1.6","NNCAGATGCNN"
"mCross","EIF3D","1.5","NNCAGTGCTBN"
"mCross","EIF3D","1.1","NNCCAKGGASN"
"mCross","EIF3D","1.3","NNGTCAGCCNB"
"mCross","EIF3D","1.9","NNHGAGATTBN"
"mCross","EIF3D","1.4","NNTCAGCTGNN"
"CisBP_RNA","EIF4B","1.1.1","BTHGGAM"
"oRNAment","EIF4B","1.1.2","BTHGGAM"
"RBPDB","EIF4B","1.1.3","BTHGGAM"
"CisBP_RNA","EIF4B","1.3.1","GGAM"
"RBPDB","EIF4B","1.3.2","GGAM"
"CisBP_RNA","EIF4B","1.2.1","GYBGRAM"
"oRNAment","EIF4B","1.2.2","GYBGRAM"
"RBPDB","EIF4B","1.2.3","GYBGRAM"
"oRNAment","EIF4G2","1.2.2","GCGAGGN"
"mCross","EIF4G2","1.3.1","GTGTGHATGNR"
"mCross","EIF4G2","1.2.1","GTGTGTGTGBG"
"mCross","EIF4G2","1.4.1","GYRYGTGTGNG"
"oRNAment","EIF4G2","1.1.2","HGTTGCD"
"oRNAment","EIF4G2","1.4.2","NCGCGGC"
"oRNAment","EIF4G2","1.3.2","NGCCGTC"
"mCross","EIF4G2","1.1.1","TGTGTGTGTGB"
"RBPDB","ELAVL1","1","RTTW"
"CisBP_RNA","ELAVL1","1.1.1","TTDTTTT"
"oRNAment","ELAVL1","1.1.2","TTDTTTT"
"CisBP_RNA","ELAVL1","1.4.1","TTKRTTT"
"oRNAment","ELAVL1","1.4.2","TTKRTTT"
"CisBP_RNA","ELAVL1","1.3.1","TTTRKTT"
"oRNAment","ELAVL1","1.3.2","TTTRKTT"
"CisBP_RNA","ELAVL1","1.5.1","TTTTTTK"
"oRNAment","ELAVL1","1.5.2","TTTTTTK"
"CisBP_RNA","ELAVL1","1.2.1","TTWGTTT"
"oRNAment","ELAVL1","1.2.2","TTWGTTT"
"CisBP_RNA","ELAVL2","1.1.1","HTBMTTTDYWTTHN"
"RBPDB","ELAVL2","1.1.2","HTYMTTTDYWTTHN"
"CisBP_RNA","ELAVL2","1.2.1","TTTTATTTW"
"RBPDB","ELAVL2","1.2.2","TTTTATTTW"
"CisBP_RNA","ELAVL2","1.3.1","WTTYAHTTT"
"RBPDB","ELAVL2","1.3.2","WTTYATTTT"
"oRNAment","ELAVL4","1.2","NWTWATT"
"oRNAment","ELAVL4","1.3","TTMAKTT"
"oRNAment","ELAVL4","1.1","TTTNTTT"
"CisBP_RNA","ENOX1","1.1","HRKACAG"
"oRNAment","ENOX1","1.2","HRKACAG"
"CisBP_RNA","ENOX2","1","HRKACAG"
"CisBP_RNA","ENSG00000180771","1","NGGAGWDN"
"CisBP_RNA","ENSG00000213250","1","KATATAS"
"CisBP_RNA","ENSG00000215042","1","ACACRAV"
"CisBP_RNA","ENSG00000215492","1","DTAGGGW"
"CisBP_RNA","ENSG00000231942","1","DTAGGGW"
"CisBP_RNA","ENSG00000248163","1","GVRGAGTCATHSC"
"CisBP_RNA","ENSG00000249536","1","AGACGWW"
"CisBP_RNA","ENSG00000249644","1","GVRGAGTCATHSC"
"CisBP_RNA","ENSG00000250177","1","AAAAAAR"
"CisBP_RNA","ENSMUSG00000021927","1","DTAGGGW"
"CisBP_RNA","ENSMUSG00000049235","1","CCMB"
"CisBP_RNA","ENSMUSG00000056951","1","GCGCGSS"
"CisBP_RNA","ENSMUSG00000089986","1","AGACGWW"
"CisBP_RNA","ENSMUSG00000090049","1","GRAGGAN"
"oRNAment","ESRP1","1.3","GGGGGAD"
"oRNAment","ESRP1","1.1","GGGGHGG"
"oRNAment","ESRP1","1.2","GGKGGTD"
"CisBP_RNA","ESRP1","1","TGGGRAD"
"CisBP_RNA","ESRP2","1.1","TGGGRAD"
"oRNAment","ESRP2","1.2","TGGGRAD"
"oRNAment","EWSR1","1.3","DGGGGTG"
"oRNAment","EWSR1","1.4","GGCAGGK"
"oRNAment","EWSR1","1.2","GKRTAGG"
"oRNAment","EWSR1","1.1","NGGHGGG"
"mCross","FAM120A","1.9.1","BDGGGAGGVNV"
"mCross","FAM120A","1.5.1","DDGRGGGAGGV"
"mCross","FAM120A","1.7.1","GGGAGGGGAVV"
"mCross","FAM120A","1.2.1","GGGGHGGGGVN"
"mCross","FAM120A","1.3.1","GKGYGGGGKSG"
"mCross","FAM120A","1.6.2","HNGTCCCTANN"
"mCross","FAM120A","1.8.1","KGBGTGGGGNN"
"mCross","FAM120A","1.1.1","NBSTGGGGGNN"
"mCross","FAM120A","1.2.2","NDAATCCCTNN"
"mCross","FAM120A","1.4.1","NDGGGGAGGVV"
"mCross","FAM120A","1.3.2","NHTAGCCCCNN"
"mCross","FAM120A","1.7.2","NNAAGTCCCNN"
"mCross","FAM120A","1.4.2","NNACCCATTNN"
"mCross","FAM120A","1.8.2","NNCCCCAGTNN"
"mCross","FAM120A","1.1.2","NNCCCTAAGNN"
"mCross","FAM120A","1.5.2","NNCCCTTGANN"
"mCross","FAM120A","1.10","NNCCTAAGADD"
"mCross","FAM120A","1.9.2","NNCYSCTAANN"
"mCross","FAM120A","1.6.1","NNGGGGCGSVS"
"mCross","FASTKD2","1.9","NBGTCATCANN"
"mCross","FASTKD2","1.6","NNATGGACCNB"
"mCross","FASTKD2","1.7","NNCATGGACHN"
"mCross","FASTKD2","1.2","NNCCAATGCHN"
"mCross","FASTKD2","1.4","NNCTGGACANN"
"mCross","FASTKD2","1.8","NNGCCTACADN"
"mCross","FASTKD2","1.1","NNTCAGCTGNN"
"mCross","FASTKD2","1.10","NNTGATGGCHN"
"mCross","FASTKD2","1.3","NNTGCGCTTBN"
"mCross","FASTKD2","1.5","NYTACCGCANN"
"oRNAment","Fmr1","1","AHGGACR"
"mCross","FMR1","1.7","BNCCGGCATBN"
"CisBP_RNA","FMR1","1.10","KGACARG"
"oRNAment","FMR1","1.2","KGACARG"
"mCross","FMR1","1.4","NBATGACGCNN"
"mCross","FMR1","1.2","NNACCTGYGNB"
"mCross","FMR1","1.6","NNCCGCATGNN"
"mCross","FMR1","1.3","NNCYACCGGNN"
"mCross","FMR1","1.9","NNGACGCCCNN"
"mCross","FMR1","1.1","NNGGCGTATBN"
"mCross","FMR1","1.8","NNTGCACCGNB"
"mCross","FMR1","1.5","NNTGCCGCCNN"
"mCross","FTO","1.2","BGMGCGCGCSB"
"mCross","FTO","1.1","NDGAGACAKDB"
"mCross","FTO","1.3","YDSGSGTTRSD"
"oRNAment","FUBP1","1.1","NTTRTTT"
"oRNAment","FUBP1","1.4","TGTGTWW"
"oRNAment","FUBP1","1.3","TTATTWT"
"oRNAment","FUBP1","1.2","WATGTWT"
"mCross","FUBP3","1.1.1","DNGCTGTATKT"
"oRNAment","FUBP3","1.1.2","TATATAW"
"oRNAment","FUBP3","1.2.2","TTATTWT"
"mCross","FUBP3","1.3","WWTRTWTTKND"
"mCross","FUBP3","1.2.1","WWTTKTTKTDN"
"CisBP_RNA","FUS","1.1","GGTG"
"RBPDB","FUS","1.2","GGTG"
"oRNAment","FUS","1.3","GGTGGCG"
"CisBP_RNA","FUSIP1","1.3","AGAGARR"
"CisBP_RNA","FUSIP1","1.1","AGAGAVM"
"CisBP_RNA","FUSIP1","1.4","AGAGAVV"
"CisBP_RNA","FUSIP1","1.2","ARAGRRR"
"mCross","FXR1","1.9","BNACAAGACND"
"CisBP_RNA","FXR1","1","NAYGACRN"
"mCross","FXR1","1.5","NBATGACCCNN"
"mCross","FXR1","1.4","NNATTYGARNN"
"mCross","FXR1","1.3","NNCGAATTGNN"
"mCross","FXR1","1.7","NNCKATTACND"
"mCross","FXR1","1.1","NNCTATGACNN"
"mCross","FXR1","1.8","NNYGATGTCNN"
"mCross","FXR1","1.2","WDTGACATGNN"
"mCross","FXR1","1.6","WHTTYGAACNN"
"CisBP_RNA","FXR2","1.10","DGACRRR"
"oRNAment","FXR2","1.2","DGACRRR"
"mCross","FXR2","1.4","DNCGACGCAVB"
"mCross","FXR2","1.5","NNACCTGCGBN"
"mCross","FXR2","1.8","NNACGGCACNB"
"mCross","FXR2","1.1","NNATGRCCCNN"
"mCross","FXR2","1.3","NNCGACGTGNN"
"mCross","FXR2","1.7","NNCGAGCTGNN"
"mCross","FXR2","1.6","NNCTGACGGNN"
"mCross","FXR2","1.9","NNGCTATGANN"
"mCross","FXR2","1.2","NNTTCSCCGNN"
"CisBP_RNA","G3BP2","1.1","AGGATDR"
"oRNAment","G3BP2","1.2","AGGATDR"
"CisBP_RNA","GM10110","1","AAAAAAR"
"CisBP_RNA","GM12355","1","WCAACRR"
"CisBP_RNA","GM5145","1","WTGCACR"
"CisBP_RNA","GM7964","1","CCAWMCC"
"CisBP_RNA","GM8991","1","DTAGGGW"
"mCross","GNL3","1.2","DDCTGAGACNN"
"mCross","GNL3","1.5","HHAMACTTGWN"
"mCross","GNL3","1.6","HNTAACACCHN"
"mCross","GNL3","1.8","HNTCACTWTNN"
"mCross","GNL3","1.4","NDGAATAACHH"
"mCross","GNL3","1.1","NNCDWTATTNN"
"mCross","GNL3","1.3","NNMKTTAAAHN"
"mCross","GNL3","1.9","NWGACTAAANN"
"mCross","GNL3","1.7","VNGWTTCTCHH"
"mCross","GPKOW","1.5","DHAGGTATRKD"
"mCross","GPKOW","1.6","DHATTYGAGNN"
"mCross","GPKOW","1.7","GSAATCGCGGV"
"mCross","GPKOW","1.8","HHAGATAACNH"
"mCross","GPKOW","1.1","KWTYTAGGTNN"
"mCross","GPKOW","1.2","NDGYTAATGNB"
"mCross","GPKOW","1.3","NNAAAGGTGDR"
"mCross","GPKOW","1.4","TTTTTBAGRNN"
"mCross","GRSF1","1.2","NDGCTAGSGVB"
"mCross","GRSF1","1.3","NDGGGAACTNB"
"mCross","GRSF1","1.1","NDGGGATGKVB"
"mCross","GRWD1","1.9","NNAAGAACCHB"
"mCross","GRWD1","1.8","NNCAAGCAANN"
"mCross","GRWD1","1.1","NNCATCGAGNN"
"mCross","GRWD1","1.4","NNCATGGACNN"
"mCross","GRWD1","1.6","NNCTGGACANN"
"mCross","GRWD1","1.7","NNGGACATCNN"
"mCross","GRWD1","1.2","NNMTGGACCNB"
"mCross","GRWD1","1.5","NNTGATGGANN"
"mCross","GRWD1","1.3","NNTGGACMANN"
"mCross","GTF2F1","1.5.1","BDGGGGGHGGS"
"mCross","GTF2F1","1.2.1","BKGGGGHGGSV"
"mCross","GTF2F1","1.3.1","DGGGHGGGGVN"
"mCross","GTF2F1","1.3.2","DKGGGGKKGGK"
"mCross","GTF2F1","1.5.2","GGDGGGAGGRN"
"mCross","GTF2F1","1.1.1","GGGBGGGGKNV"
"mCross","GTF2F1","1.2.2","GGGDGGGDGRN"
"mCross","GTF2F1","1.4.1","GGGRTGGGGNN"
"mCross","GTF2F1","1.9","GKTGGGGGDVV"
"mCross","GTF2F1","1.1.2","KDGGGTGGKDN"
"mCross","GTF2F1","1.8","KDGGGTGGRNN"
"mCross","GTF2F1","1.4.2","KGGGTGGGKNN"
"mCross","GTF2F1","1.7","KKBGGGGTGGG"
"mCross","GTF2F1","1.6.1","KKGGGGKKGGV"
"mCross","GTF2F1","1.6.2","KKGGGKKGGGN"
"mCross","HLTF","1.4","DDAAGAGAADN"
"mCross","HLTF","1.2","DNAAGAAVADN"
"mCross","HLTF","1.7","DNAATGAAGDD"
"mCross","HLTF","1.5","NDAAACAAGNN"
"mCross","HLTF","1.1","NDSAAGAAAND"
"mCross","HLTF","1.3","NNAAGAAAHND"
"mCross","HLTF","1.6","NNMAAAGAADN"
"oRNAment","HNRNPA0","1.3","NAHTAGG"
"oRNAment","HNRNPA0","1.4","TAGSWTW"
"oRNAment","HNRNPA0","1.2","WADTTAG"
"oRNAment","HNRNPA0","1.1","WTATAGN"
"mCross","HNRNPA1","1.5.2","DDSAGATAGNN"
"mCross","HNRNPA1","1.4.2","DNAGTTCAGNN"
"CisBP_RNA","HNRNPA1","1.2","DTAGGGW"
"oRNAment","HNRNPA1","1.1","DTAGGGW"
"mCross","HNRNPA1","1.5.1","NNAGGDAGCNN"
"mCross","HNRNPA1","1.4.1","NNAGGGAGVNN"
"mCross","HNRNPA1","1.3.1","NNAGGVAGTNN"
"mCross","HNRNPA1","1.3.2","NNAGGVAGTNN"
"mCross","HNRNPA1","1.6","NNAGKCAGGRR"
"mCross","HNRNPA1","1.1.1","NNKCAGGGAGN"
"mCross","HNRNPA1","1.2.2","NNKCAGGGAGN"
"mCross","HNRNPA1","1.1.2","NNNAGGRAGNN"
"mCross","HNRNPA1","1.2.1","NNNAGGRAGNN"
"CisBP_RNA","HNRNPA1","1.3","TAGGGW"
"RBPDB","HNRNPA1","1.2","TAGGGW"
"CisBP_RNA","HNRNPA1L2","1.1","DTAGGGW"
"oRNAment","HNRNPA1L2","1.2","DTAGGGW"
"oRNAment","HNRNPA2B1","1.2","DGGGGYA"
"CisBP_RNA","HNRNPA2B1","1","DTAGGGW"
"oRNAment","HNRNPA2B1","1.3","DTAGGGW"
"oRNAment","HNRNPA2B1","1.1","NGGGDGG"
"CisBP_RNA","HNRNPA3","1","DTAGGGW"
"oRNAment","HNRNPAB","1","WRGWTAG"
"mCross","HNRNPC","1.2.1","HTTTTKGCTNN"
"CisBP_RNA","HNRNPC","1","HTTTTTK"
"oRNAment","HNRNPC","1.3","HTTTTTK"
"oRNAment","HNRNPC","1.2.2","MATTTTT"
"mCross","HNRNPC","1.1.1","TTTTTTTTKDD"
"oRNAment","HNRNPC","1.1.2","WTTTTTT"
"CisBP_RNA","HNRNPCL1","1","HTTTTTK"
"oRNAment","HNRNPCL1","1.3","HTTTTTK"
"oRNAment","HNRNPCL1","1.1","TTTTTNN"
"oRNAment","HNRNPCL1","1.2","VTTTTTV"
"oRNAment","HNRNPD","1.3","ATADTAN"
"oRNAment","HNRNPD","1.2","ATATAWW"
"oRNAment","HNRNPD","1.1","WTAATTA"
"oRNAment","HNRNPDL","1.1","TAATTWW"
"oRNAment","HNRNPDL","1.2","WWATATW"
"oRNAment","HNRNPF","1.3","DGGGGWN"
"oRNAment","HNRNPF","1.2","DGGGRGR"
"CisBP_RNA","HNRNPF","1","GGGAGGG"
"oRNAment","HNRNPF","1.1","GGGHGGG"
"CisBP_RNA","HNRNPH1","1","GGGAGGG"
"oRNAment","HNRNPH2","1.2","DGGGGGH"
"CisBP_RNA","HNRNPH2","1","GGGAGGG"
"oRNAment","HNRNPH2","1.3","GGGAGGG"
"oRNAment","HNRNPH2","1.1","GGGGGDG"
"mCross","HNRNPK","1.8.1","BYCCCCAGTBY"
"mCross","HNRNPK","1.2.2","BYCMCTTCCHH"
"oRNAment","HNRNPK","1.2","CACGCMC"
"CisBP_RNA","HNRNPK","1","CCAWMCC"
"oRNAment","HNRNPK","1.4","CRCCACM"
"oRNAment","HNRNPK","1.3","CVTGYCC"
"mCross","HNRNPK","1.6.2","HBTCCCWTCYB"
"mCross","HNRNPK","1.4.2","HHATGTCMCHN"
"mCross","HNRNPK","1.8.2","HNWGTCCCCNB"
"mCross","HNRNPK","1.3.1","HYKTCCCCABB"
"mCross","HNRNPK","1.10","HYMCTTCCCHN"
"oRNAment","HNRNPK","1.1","MWGCCCN"
"mCross","HNRNPK","1.9","MYATYCCATYY"
"mCross","HNRNPK","1.5.2","NHCCCWGTCYH"
"mCross","HNRNPK","1.2.1","NYCCCNTCCYN"
"mCross","HNRNPK","1.1.1","NYCCCWGTCCY"
"mCross","HNRNPK","1.1.2","NYCCCWTCCYN"
"mCross","HNRNPK","1.7.1","YBYCCCHTCYY"
"mCross","HNRNPK","1.6.1","YNWGTCCCCNN"
"mCross","HNRNPK","1.4.1","YYCCHTCCCYN"
"mCross","HNRNPK","1.3.2","YYCHTCCCTBY"
"mCross","HNRNPK","1.5.1","YYHTCCCTCYY"
"mCross","HNRNPK","1.7.2","YYNTCCCTCYY"
"CisBP_RNA","HNRNPL","1.2.1","ACACRAV"
"oRNAment","HNRNPL","1.4","ACACRAV"
"oRNAment","HNRNPL","1.1.2","ACAYAYA"
"CisBP_RNA","HNRNPL","1.1.1","AMAYAMA"
"oRNAment","HNRNPL","1.3","AMAYAMA"
"oRNAment","HNRNPL","1.2.2","CAYYACA"
"CisBP_RNA","HNRNPLL","1","RCAHACA"
"mCross","HNRNPM","1.4.2","DBTGTGGTCNN"
"mCross","HNRNPM","1.6.1","NBTGCTGTGNN"
"mCross","HNRNPM","1.2.1","NBTGGTTGTBN"
"mCross","HNRNPM","1.9","NBTTGGCTGNN"
"mCross","HNRNPM","1.8.2","NDGCTTGTGNN"
"mCross","HNRNPM","1.4.1","NDGTTTGTGNN"
"mCross","HNRNPM","1.5.1","NDGYTGTTGNN"
"mCross","HNRNPM","1.2.2","NKCTGTGGTNN"
"mCross","HNRNPM","1.6.2","NNCTGGTGTBN"
"mCross","HNRNPM","1.7.1","NNCTGTGGTNB"
"mCross","HNRNPM","1.5.2","NNCTTGGTGNN"
"mCross","HNRNPM","1.10","NNTCTGGTGNN"
"mCross","HNRNPM","1.3.2","NNTGTGGCTBN"
"mCross","HNRNPM","1.3.1","NNTGTGGTCNB"
"mCross","HNRNPM","1.1.1","NNTGTTGGYNN"
"mCross","HNRNPM","1.8.1","NNTTGGCTGNN"
"mCross","HNRNPM","1.1.2","NNTTGTGGCNN"
"mCross","HNRNPM","1.7.2","NNYGTGGTTBN"
"CisBP_RNA","HNRNPR","1","MMAAAWY"
"mCross","HNRNPU","1.9.2","DDGGTCAGRDN"
"mCross","HNRNPU","1.6.2","DDKTCACAGNN"
"mCross","HNRNPU","1.2.1","DDTGAGAGGVN"
"mCross","HNRNPU","1.7.2","DKGAGCAKANN"
"mCross","HNRNPU","1.5.2","KDAGCACASNN"
"mCross","HNRNPU","1.8.1","KDAGGCTGAGR"
"mCross","HNRNPU","1.4.2","KRAGGTCAGRR"
"mCross","HNRNPU","1.6.1","NAGGGAGRSNV"
"mCross","HNRNPU","1.4.1","NDGGVAGGARR"
"mCross","HNRNPU","1.3.1","NNAAGGCCTBN"
"mCross","HNRNPU","1.10","NNAGGCCAGNN"
"mCross","HNRNPU","1.7.1","NNAGGGAGRNN"
"mCross","HNRNPU","1.5.1","NNAGGRAGGNN"
"mCross","HNRNPU","1.8.2","NNAGGRAGGVN"
"mCross","HNRNPU","1.3.2","NNBAGGRAGNN"
"mCross","HNRNPU","1.1.1","NNKCAGGGAGV"
"mCross","HNRNPU","1.9.1","NNSAGAGGGRR"
"mCross","HNRNPU","1.1.2","NNTARGGAGNN"
"mCross","HNRNPU","1.2.2","RRAGAGCASNN"
"mCross","HNRNPUL1","1.8.1","BKCAATSKTNN"
"mCross","HNRNPUL1","1.6.2","DDGAVATAGNN"
"mCross","HNRNPUL1","1.4.2","DNTCAAGGGVV"
"mCross","HNRNPUL1","1.8.2","DRAAGVRTANN"
"mCross","HNRNPUL1","1.7.2","HBTRAGCCGBR"
"mCross","HNRNPUL1","1.1.1","HDGGTACTANN"
"mCross","HNRNPUL1","1.5.2","HHYRTATACHD"
"mCross","HNRNPUL1","1.3.1","NBSTGTCAGNN"
"mCross","HNRNPUL1","1.4.1","NDGAGCAWADB"
"mCross","HNRNPUL1","1.5.1","NDGTTGCACNN"
"mCross","HNRNPUL1","1.10","NHTYTTAGANN"
"mCross","HNRNPUL1","1.9.2","NKGMGTTAANN"
"mCross","HNRNPUL1","1.9.1","NNAGGTCATKB"
"mCross","HNRNPUL1","1.2.1","NNATCTGAGNN"
"mCross","HNRNPUL1","1.7.1","NNCTTGGCANN"
"mCross","HNRNPUL1","1.6.1","NNTGTGGTRNV"
"mCross","HNRNPUL1","1.1.2","WNKAAGAGCHD"
"mCross","HNRNPUL1","1.2.2","YBCGTMGTCNB"
"mCross","HNRNPUL1","1.3.2","YYCGTAMYGKR"
"CisBP_RNA","HNRPDL","1","WRGWTAG"
"CisBP_RNA","HNRPLL","1","RCAHACA"
"CisBP_RNA","IGF2BP1","1.1","AAGCACCCGTT"
"RBPDB","IGF2BP1","1.2","AAGCACCCGTT"
"oRNAment","IGF2BP1","1.1","CAWTACA"
"oRNAment","IGF2BP1","1.3","HACADCA"
"mCross","IGF2BP1","1.6.1","HHACACCCANN"
"mCross","IGF2BP1","1.3.2","HHCAATWCANN"
"mCross","IGF2BP1","1.1.2","HHCWTTCCANN"
"mCross","IGF2BP1","1.4.2","HHTCAAACANN"
"mCross","IGF2BP1","1.7.2","HHTCCACAANN"
"mCross","IGF2BP1","1.9","HNATTCAACHN"
"mCross","IGF2BP1","1.2.2","HNCATACAGNN"
"mCross","IGF2BP1","1.5.2","HNCCAGTCABN"
"mCross","IGF2BP1","1.5.1","HNYCACCACHN"
"oRNAment","IGF2BP1","1.2","NCTCCCM"
"mCross","IGF2BP1","1.4.1","NNACCACACHN"
"mCross","IGF2BP1","1.7.1","NNACCCACCHN"
"mCross","IGF2BP1","1.1.1","NNCACCACMNN"
"mCross","IGF2BP1","1.3.1","NNCASCCACHN"
"mCross","IGF2BP1","1.8","NNCCACAACYN"
"mCross","IGF2BP1","1.2.1","NNCCACACCNN"
"mCross","IGF2BP1","1.6.2","NNCCATWTCHN"
"oRNAment","IGF2BP2","1.2.2","ACAWWCM"
"mCross","IGF2BP2","1.2.1","BNCCCGCTVNB"
"oRNAment","IGF2BP2","1.4.2","CACANCA"
"oRNAment","IGF2BP2","1.3.2","CTCCCCM"
"oRNAment","IGF2BP2","1.1.2","MMAYACA"
"mCross","IGF2BP2","1.1.1","NNCACCACCHN"
"mCross","IGF2BP2","1.6","NNCACCCAGNN"
"mCross","IGF2BP2","1.3.1","NNCCACACCNN"
"mCross","IGF2BP2","1.4.1","NNCCACCACHN"
"mCross","IGF2BP2","1.8","NNCCACCKGNN"
"mCross","IGF2BP2","1.9","NNCCAGTCANN"
"mCross","IGF2BP2","1.7","NNCCCCAGCHN"
"mCross","IGF2BP2","1.5.1","NNCWGCCMCHN"
"CisBP_RNA","IGF2BP2","1","VMAHWCA"
"oRNAment","IGF2BP2","1.5.2","VMAHWCA"
"CisBP_RNA","IGF2BP3","1.1","AMAHWCA"
"oRNAment","IGF2BP3","1.2","AMAHWCA"
"oRNAment","ILF2","1.3","ATGGKGG"
"oRNAment","ILF2","1.2","GGGGNRN"
"oRNAment","ILF2","1.1","GGGHGGG"
"mCross","ILF3","1.5.1","BKSAGCCTCNB"
"mCross","ILF3","1.6.1","BNGCCCTGTNN"
"mCross","ILF3","1.7.2","BYWTCCCTGNN"
"mCross","ILF3","1.7.1","NNCCCTGGTNB"
"mCross","ILF3","1.2.1","NNCCCTGTGNB"
"mCross","ILF3","1.3.1","NNSTGGCCTBN"
"mCross","ILF3","1.1.1","NNTGSCCTSNN"
"mCross","ILF3","1.4.1","YNTCCCCBTNN"
"mCross","ILF3","1.6.2","YYCCCHTCCYY"
"mCross","ILF3","1.5.2","YYCCCTCTTYY"
"mCross","ILF3","1.8","YYCCCTTCTYY"
"mCross","ILF3","1.4.2","YYCCTHCCCYB"
"mCross","ILF3","1.1.2","YYCHTCCCTBB"
"mCross","ILF3","1.2.2","YYCMCTTCCYY"
"mCross","ILF3","1.3.2","YYTCCCYTCYY"
"oRNAment","Khdrbs1","1","TAAAAVV"
"CisBP_RNA","KHDRBS1","1","ATAAAAV"
"oRNAment","KHDRBS1","1.2.1","ATAAAAV"
"CisBP_RNA","KHDRBS1","1.1.1","TAAAAVV"
"mCross","KHDRBS1","1.2.2","WWAAWAADWDD"
"mCross","KHDRBS1","1.4","WWHATWTAAWW"
"mCross","KHDRBS1","1.1.2","WWTAAWAADNN"
"mCross","KHDRBS1","1.3","WWWTAAWAADD"
"oRNAment","KHDRBS2","1.1","HAAHTAA"
"oRNAment","KHDRBS2","1.2","HWATAAA"
"oRNAment","KHDRBS2","1.3","MVCTAAA"
"CisBP_RNA","KHDRBS2","1","RATAAAM"
"oRNAment","KHDRBS2","1.4","RATAAAM"
"oRNAment","KHDRBS3","1.3.2","GCGCGCR"
"oRNAment","KHDRBS3","1.2.2","HAATAAA"
"RBPDB","KHDRBS3","1.2.1","HWSNKWTTAAYHKRTNB"
"CisBP_RNA","KHDRBS3","1","NATAAAVN"
"RBPDB","KHDRBS3","1.1.1","NNTAAH"
"RBPDB","KHDRBS3","1.3.1","NYCNHTAAAWWTTHWH"
"oRNAment","KHDRBS3","1.4","NYTTAAA"
"oRNAment","KHDRBS3","1.1.2","WATTWAW"
"oRNAment","KHSRP","1.1.3","ATGTWTW"
"RBPDB","KHSRP","1.1.1","CCCCCCCC"
"RBPDB","KHSRP","1.2.1","GTCC"
"oRNAment","KHSRP","1.2.3","TKTTATW"
"mCross","KHSRP","1.5","WWATKTDWTDD"
"mCross","KHSRP","1.6","WWATTKTKTDD"
"mCross","KHSRP","1.7","WWATTKTTGHD"
"mCross","KHSRP","1.4","WWKCTGTATWW"
"mCross","KHSRP","1.8","WWKTAATKTDN"
"mCross","KHSRP","1.3","WWKTTATTGNN"
"mCross","KHSRP","1.2.2","WWTKWTKTTDD"
"mCross","KHSRP","1.1.2","WWTTKATGTDN"
"mCross","LARP4","1.1.2","DDGTACACGNN"
"mCross","LARP4","1.4.2","HDMGCATATBB"
"mCross","LARP4","1.6","HHCGMCGCAKB"
"mCross","LARP4","1.2.2","HWCTAAYRADV"
"mCross","LARP4","1.2.1","HYTCTCACGNN"
"mCross","LARP4","1.5","NBTCCCCKTBB"
"mCross","LARP4","1.3.1","NNCACCTWTNN"
"mCross","LARP4","1.10","NNCATTGTGNN"
"mCross","LARP4","1.4.1","NNCCCCAGTBN"
"mCross","LARP4","1.7","NNCSATCTTNB"
"mCross","LARP4","1.8","NNCTGCTWTNN"
"mCross","LARP4","1.1.1","NNGYGTAAADD"
"mCross","LARP4","1.9","NNTWTGCTCHN"
"mCross","LARP4","1.3.2","WNTAAACCGDN"
"mCross","LARP7","1.3.2","BHYRAGGCCDB"
"mCross","LARP7","1.2.1","BWWTCTGAGDB"
"mCross","LARP7","1.10.2","BYTCCTHCTBN"
"mCross","LARP7","1.9.2","DBGTDTCTGWS"
"mCross","LARP7","1.7.1","DDAACTCTHKA"
"mCross","LARP7","1.2.2","GGTACCGCAGG"
"mCross","LARP7","1.5.2","KAGTGCTATRB"
"mCross","LARP7","1.1.2","KDGAMTCTAKG"
"mCross","LARP7","1.6.2","KWAGCCTMDSM"
"mCross","LARP7","1.7.2","RMACGCKYAGY"
"mCross","LARP7","1.1.1","RRACTCTWTRS"
"mCross","LARP7","1.8.2","TATCATACGCA"
"mCross","LARP7","1.5.1","VNAATCTGAVN"
"mCross","LARP7","1.9.1","VNACAGTTGBD"
"mCross","LARP7","1.4.1","VNWTGAGTGBB"
"mCross","LARP7","1.4.2","VTCCGDAATBB"
"mCross","LARP7","1.10.1","VVTACCGTCMB"
"mCross","LARP7","1.8.1","WYSAWCAAAHN"
"mCross","LARP7","1.6.1","YBRTACCGTBV"
"mCross","LARP7","1.3.1","YCTATACCGDH"
"CisBP_RNA","LIN28A","1.1.1","HGGAGWA"
"oRNAment","LIN28A","1.1.2","HGGAGWA"
"CisBP_RNA","LIN28A","1.2.1","YGGAGGR"
"oRNAment","LIN28A","1.2.2","YGGAGGR"
"mCross","LIN28B","1.2.1","DDTGATGGANN"
"CisBP_RNA","LIN28B","1","HGGAGWA"
"mCross","LIN28B","1.8","NDGAGATTSNN"
"mCross","LIN28B","1.6.2","NDGAGTGATDN"
"mCross","LIN28B","1.7","NDGAGTGATDN"
"mCross","LIN28B","1.3.1","NDGTATGATDN"
"mCross","LIN28B","1.9","NDGTGATTGNN"
"mCross","LIN28B","1.3.2","NDSTATGATDN"
"mCross","LIN28B","1.4.1","NDTGATACCNN"
"mCross","LIN28B","1.5.2","NDTGATACCNN"
"mCross","LIN28B","1.1.2","NNATGATAYNN"
"mCross","LIN28B","1.1.1","NNATGATRMNN"
"mCross","LIN28B","1.6.1","NNGAGATATNN"
"mCross","LIN28B","1.2.2","NNKATGATANN"
"mCross","LIN28B","1.5.1","NNTGGTGATDN"
"mCross","LIN28B","1.4.2","NNTGRWGATDN"
"mCross","LSM11","1.9.2","DNAGAGCTGNN"
"mCross","LSM11","1.2.2","DNAGCTGTANN"
"mCross","LSM11","1.1.1","HDKTAACACHN"
"mCross","LSM11","1.1.2","HDKTAACACHN"
"mCross","LSM11","1.9.1","HYTKTAACANN"
"mCross","LSM11","1.7.2","KNTAACACTNN"
"mCross","LSM11","1.4.2","NDCTGTAACHN"
"mCross","LSM11","1.5.1","NDGAGCTGTNN"
"mCross","LSM11","1.5.2","NDGAGCTGTNN"
"mCross","LSM11","1.3.2","NDGCTGTAAND"
"mCross","LSM11","1.3.1","NDGCTGTAANN"
"mCross","LSM11","1.7.1","NDGGACATTKN"
"mCross","LSM11","1.2.1","NHCTGTAACHN"
"mCross","LSM11","1.10","NNAAAGAGCNN"
"mCross","LSM11","1.8.2","NNAAGAGCTDD"
"mCross","LSM11","1.8.1","NNGTCATCANN"
"mCross","LSM11","1.6.1","NNTRTGCGTNN"
"mCross","LSM11","1.4.1","NNWGCTGTRNN"
"mCross","LSM11","1.6.2","WWTKTAACANN"
"CisBP_RNA","MATR3","1.1","MATCTTR"
"oRNAment","MATR3","1.2","MATCTTR"
"oRNAment","MBNL1","1.2.2","CGCWGCD"
"oRNAment","MBNL1","1.3","GCTTADN"
"oRNAment","MBNL1","1.1.2","GCWTGCN"
"CisBP_RNA","MBNL1","1.1.1","NGCTTGC"
"oRNAment","MBNL1","1.5","NGCTTGC"
"oRNAment","MBNL1","1.4","YGCGCWW"
"CisBP_RNA","MBNL1","1","YGCT"
"RBPDB","MBNL1","1.2.1","YGCT"
"CisBP_RNA","MBNL2","1","NGCTTGC"
"CisBP_RNA","MBNL3","1","NGCTTGC"
"mCross","METAP2","1.2","HBAYCATCGNB"
"mCross","METAP2","1.3","NHCAWCAWCNN"
"mCross","METAP2","1.4","NNATCACCANB"
"mCross","METAP2","1.7","NNCATCAYCNN"
"mCross","METAP2","1.5","NNCKTCATCNN"
"mCross","METAP2","1.1","NNGTCAWCANN"
"mCross","METAP2","1.6","NNTCATCATSN"
"mCross","METAP2","1.8","NTCACCAAGNN"
"CisBP_RNA","MEX3B","1","NGAGTDWN"
"CisBP_RNA","MEX3C","1","NGAGTDWN"
"CisBP_RNA","MEX3D","1","NGAGTDWN"
"oRNAment","MSI1","1.3","TAGAWDW"
"CisBP_RNA","MSI1","1.2.1","TAGKWRG"
"oRNAment","MSI1","1.5","TAGKWRG"
"oRNAment","MSI1","1.1.2","TAGTTAD"
"CisBP_RNA","MSI1","1.1.1","TAGTWRG"
"oRNAment","MSI1","1.4","TAGTWRG"
"oRNAment","MSI1","1.2.2","TAGWAKW"
"CisBP_RNA","MSI2","1","TAGTWRG"
"mCross","MTPAP","1.6","DNAAGAAVWDN"
"mCross","MTPAP","1.2","DNAAGCACCNN"
"mCross","MTPAP","1.8","DNTGATCAANN"
"mCross","MTPAP","1.3","NHCKTCAATNN"
"mCross","MTPAP","1.1","NNACCAAAGNN"
"mCross","MTPAP","1.7","NNACTWCAGNB"
"mCross","MTPAP","1.4","NNAGAACAANN"
"mCross","MTPAP","1.5","NNCAAGCAADN"
"mCross","MTPAP","1.9","NNCCAAGAANN"
"mCross","NCBP2","1.4.1","BBAGCCGCGBN"
"mCross","NCBP2","1.4.2","BBGGCCGTVSB"
"mCross","NCBP2","1.8.1","BBTGGCGGCNN"
"mCross","NCBP2","1.3.1","BDGCGGKAGBN"
"mCross","NCBP2","1.7.2","BGGRKGGCGSS"
"mCross","NCBP2","1.6.2","BKCCCGGTANB"
"mCross","NCBP2","1.7.1","BSCGGCGGBBB"
"mCross","NCBP2","1.3.2","BSKAGSGCGSS"
"mCross","NCBP2","1.2.1","DBCGGTAGCNV"
"mCross","NCBP2","1.6.1","DVAGATGGCNN"
"mCross","NCBP2","1.5.2","GGCGGCGGSGG"
"mCross","NCBP2","1.8.2","NGCGGBCGCBV"
"mCross","NCBP2","1.1.1","NNATGGCGGNN"
"mCross","NCBP2","1.1.2","NNGCCATTTYN"
"mCross","NCBP2","1.5.1","NNSATGGCGNN"
"mCross","NCBP2","1.9","NNTCGCGTVNK"
"mCross","NCBP2","1.2.2","NSSGGWAGTNN"
"RBPDB","NCL","1.2","AHTCGANSBNV"
"CisBP_RNA","NCL","1","CCGAAAKCCCGAAGTASG"
"RBPDB","NCL","1.1","CCGAAAKCCCGAAGTASG"
"RBPDB","NCL","1.3","TGCACAGAAGG"
"mCross","NKRF","1.2","BBCCCGGGGNN"
"mCross","NKRF","1.4","BNGGGGKCCNB"
"mCross","NKRF","1.1","BNGGGTTSGSB"
"mCross","NKRF","1.3","GGGCGGGGKBB"
"mCross","NKRF","1.7","GGSGTGGGGNN"
"mCross","NKRF","1.5","KSSTGGGGGNN"
"mCross","NKRF","1.8","NBGGGGCKGSS"
"mCross","NKRF","1.6","NDGGGTCCASS"
"mCross","NKRF","1.9","NGGGHGGGGVN"
"mCross","NOL12","1.6","BNATACCGTKN"
"mCross","NOL12","1.4","BNTACYGTGSN"
"mCross","NOL12","1.1","HYTATACCKDN"
"mCross","NOL12","1.10","NDGAACCTGNN"
"mCross","NOL12","1.7","NDGCCAGTABN"
"mCross","NOL12","1.2","NHACGTCATNK"
"mCross","NOL12","1.5","NNAACCTGANV"
"mCross","NOL12","1.9","NNACTCTRTNV"
"mCross","NOL12","1.3","NNGACATCTBN"
"mCross","NOL12","1.8","VBCGRGRCGSN"
"CisBP_RNA","NONO","1.1","AGGGA"
"RBPDB","NONO","1.2","AGGGA"
"mCross","NONO","1.4","BNTGTGYGTBN"
"mCross","NONO","1.3","NBSTGTGTGBN"
"mCross","NONO","1.5","NKGTGCGTTBB"
"mCross","NONO","1.1","NNGTKCCGTBN"
"mCross","NONO","1.6","NNTCTGTGANN"
"mCross","NONO","1.2","NNTGTGCCGBB"
"oRNAment","NOVA1","1.3","CATAANN"
"oRNAment","NOVA1","1.2","CATAWCA"
"CisBP_RNA","NOVA1","1","GVRGAGTCATHSC"
"oRNAment","NOVA1","1.1","HATTCAT"
"oRNAment","NOVA1","1.4","NCACCAT"
"CisBP_RNA","NOVA2","1.2.1","DSVTNNVNWTCAYMCC"
"RBPDB","NOVA2","1.2.2","DSVTNNVNWTCAYMCC"
"RBPDB","NOVA2","1.1.2","GSRGAGTCATHSC"
"CisBP_RNA","NOVA2","1.1.1","GVRGAGTCATHSC"
"mCross","NPM1","1.7","DBCTCTGDGNB"
"mCross","NPM1","1.2","DNCTTAGATBD"
"mCross","NPM1","1.10","DWCRTAGTARB"
"mCross","NPM1","1.5","HBACTCCCASB"
"mCross","NPM1","1.9","HVACTGAMTKV"
"mCross","NPM1","1.4","HYTYTGAMANN"
"mCross","NPM1","1.3","NDGCCAGATBB"
"mCross","NPM1","1.6","NDGCTTAGATB"
"mCross","NPM1","1.1","NNAMACTTGDR"
"mCross","NPM1","1.8","NYTTGCACADN"
"mCross","NSUN2","1.9","DDGTATCCAVB"
"mCross","NSUN2","1.3","DKCTTATCANN"
"mCross","NSUN2","1.4","KKGGRCTTASN"
"mCross","NSUN2","1.6","NBCTACTGAVN"
"mCross","NSUN2","1.2","NHCBTTCCTBN"
"mCross","NSUN2","1.10","NHTCTTWCGBD"
"mCross","NSUN2","1.5","NNCACTTGARB"
"mCross","NSUN2","1.8","NVCCCTAGARD"
"mCross","NSUN2","1.1","SSARCGCGCSB"
"mCross","NSUN2","1.7","WWAYKTRGABV"
"CisBP_RNA","PABPC1","1.1.2","AAAAA"
"RBPDB","PABPC1","1.2.1","AAAAA"
"CisBP_RNA","PABPC1","1.2.2","ACDAAYM"
"oRNAment","PABPC1","1.2.3","ACDAAYM"
"RBPDB","PABPC1","1.3","ACDAAYM"
"CisBP_RNA","PABPC1","1.1.1","ARAAAAM"
"oRNAment","PABPC1","1.1.3","ARAAAAM"
"CisBP_RNA","PABPC1L","1","ARAAAAM"
"CisBP_RNA","PABPC2","1","ARAAAAM"
"CisBP_RNA","PABPC3","1.1","RAAAACM"
"oRNAment","PABPC3","1.2","RAAAACM"
"CisBP_RNA","PABPC4","1.1","AAAAAAR"
"oRNAment","PABPC4","1.2","AAAAAAR"
"CisBP_RNA","PABPC5","1.1","AGAAADT"
"oRNAment","PABPC5","1.2","AGAAADT"
"CisBP_RNA","PABPC6","1","ARAAAAM"
"CisBP_RNA","PABPN1","1.1","ARAAGAN"
"oRNAment","PABPN1","1.2","ARAAGAN"
"oRNAment","PABPN1L","1.1","AAAAANA"
"oRNAment","PABPN1L","1.2","AAAAKAN"
"CisBP_RNA","PABPN1L","1","ARAAGAN"
"oRNAment","PCBP1","1.4","AWVCCCR"
"oRNAment","PCBP1","1.2.2","CCBGTCG"
"CisBP_RNA","PCBP1","1.1.1","CCWWHCC"
"oRNAment","PCBP1","1.5","CCWWHCC"
"oRNAment","PCBP1","1.3","CCYWTCC"
"oRNAment","PCBP1","1.1.2","CHRCCCC"
"CisBP_RNA","PCBP1","1.2.1","NCYTTCCN"
"oRNAment","PCBP2","1.5.2","AWGCCCC"
"oRNAment","PCBP2","1.1.2","CCCNCCC"
"oRNAment","PCBP2","1.3.2","CCGGTCR"
"oRNAment","PCBP2","1.2.2","CCWWCCC"
"CisBP_RNA","PCBP2","1","CCYYCCH"
"oRNAment","PCBP2","1.6.2","CCYYCCH"
"oRNAment","PCBP2","1.4.2","NCCCCHN"
"mCross","PCBP2","1.5.1","YYCCCCTTCYY"
"mCross","PCBP2","1.2.1","YYCCYTYCCYY"
"mCross","PCBP2","1.4.1","YYCTHCCCCHB"
"mCross","PCBP2","1.6.1","YYCTTCCCTYY"
"mCross","PCBP2","1.3.1","YYCTTCCTCYY"
"mCross","PCBP2","1.1.1","YYHTCCCTCYY"
"CisBP_RNA","PCBP3","1","NTTTYCCN"
"oRNAment","PCBP4","1.1","CCHTCCC"
"oRNAment","PCBP4","1.2","CCNGTCG"
"CisBP_RNA","PCBP4","1","NTTTYCCN"
"oRNAment","PCBP4","1.3","YAATCCY"
"mCross","PPIG","1.6","NDGTRAGTGNN"
"mCross","PPIG","1.2","NNAGGTRAGNN"
"mCross","PPIG","1.1","NNCAGGTRANN"
"mCross","PPIG","1.5","NNGGTGAGTNN"
"mCross","PPIG","1.3","NNGTGAGTRNN"
"mCross","PPIG","1.4","NNTGATGGAVN"
"mCross","PPIL4","1.9","DGAAGCCMGDB"
"mCross","PPIL4","1.8","DNAGTCCTCNB"
"mCross","PPIL4","1.5","DNATTBGAGNN"
"mCross","PPIL4","1.2","HTTYNAACANN"
"mCross","PPIL4","1.10","NBAASGAGCHV"
"mCross","PPIL4","1.1","NNAGCGTTCHN"
"mCross","PPIL4","1.6","NNATCAGACHN"
"mCross","PPIL4","1.4","NNCCCAGAANB"
"mCross","PPIL4","1.3","WKTAACCGCHN"
"mCross","PPIL4","1.7","WWTGAATSADN"
"CisBP_RNA","PPRC1","1.1","SSGCGCS"
"oRNAment","PPRC1","1.2","SSGCGCS"
"mCross","PRPF8","1.5.1","GGTGAGTGSNN"
"mCross","PRPF8","1.6","NDGGTADGTNN"
"mCross","PRPF8","1.4.2","NDGGTAWGTNN"
"mCross","PRPF8","1.3.2","NDGTRAGTGNN"
"mCross","PRPF8","1.1.1","NGGTRAGTRNN"
"mCross","PRPF8","1.5.2","NKGTGAGTRNN"
"mCross","PRPF8","1.8","NNCAGGTGAGN"
"mCross","PRPF8","1.2.2","NNNMAGGTAVV"
"mCross","PRPF8","1.2.1","NNTCAAGGTRV"
"mCross","PRPF8","1.1.2","NNTHMAGGTRR"
"mCross","PRPF8","1.7","NVAGGTADGNN"
"mCross","PRPF8","1.3.1","NVAGGTGAGBN"
"mCross","PRPF8","1.4.1","VNGGTGAGBVN"
"oRNAment","PRR3","1.1","ATDAVCN"
"oRNAment","PRR3","1.3","NATGAAY"
"oRNAment","PRR3","1.2","NHATAAV"
"CisBP_RNA","PSPC1","1","KTRRTKK"
"RBPDB","PTBP1","1","AGAHNNHYBHNNNNN"
"CisBP_RNA","PTBP1","1.1.3","HYTTTYT"
"CisBP_RNA","PTBP1","1.1.2","HYTTTYT"
"oRNAment","PTBP1","1.2.1","HYTTTYT"
"oRNAment","PTBP1","1.2.2","HYTTTYT"
"mCross","PTBP1","1.4.1","TTYCTTTCTYY"
"mCross","PTBP1","1.4.2","TTYCTTTCTYY"
"mCross","PTBP1","1.5.1","TYCTTTCYTYY"
"mCross","PTBP1","1.2.1","TYTCTYTCTYY"
"mCross","PTBP1","1.2.2","TYTCTYTCTYY"
"mCross","PTBP1","1.6.1","YTBTCTTCTYY"
"mCross","PTBP1","1.5.2","YTCTTTCTYYY"
"mCross","PTBP1","1.7.2","YTTYCTTTCYY"
"mCross","PTBP1","1.8.1","YTTYCTTTCYY"
"mCross","PTBP1","1.8.2","YTYTCTTTCYY"
"mCross","PTBP1","1.3.1","YYCTTTCTYYY"
"mCross","PTBP1","1.3.2","YYTCTYTTCYY"
"mCross","PTBP1","1.7.1","YYTCTYTTCYY"
"mCross","PTBP1","1.1.1","YYTYTTYTYYY"
"mCross","PTBP1","1.1.2","YYTYTTYTYYY"
"mCross","PTBP1","1.6.2","YYYTYTTYTYY"
"CisBP_RNA","PTBP2","1","HYTTTYT"
"oRNAment","PTBP3","1.2","CTATHYT"
"oRNAment","PTBP3","1.1","YCTTTCT"
"oRNAment","PUF60","1.2","TTTCTYY"
"oRNAment","PUF60","1.1","TTTNTTT"
"oRNAment","PUM1","1.2","GGGNGGG"
"oRNAment","PUM1","1.1","TGTAHAK"
"RBPDB","Pum2","1.1","TGTA"
"RBPDB","Pum2","1.2","TGTAVATWRNNVVBBBBSCCS"
"mCross","PUM2","1.1.2","HNTGTAHATWN"
"mCross","PUM2","1.3","HTGTACADANN"
"mCross","PUM2","1.2.2","NHHTGTAHAKW"
"CisBP_RNA","PUM2","1.1.1","TGTA"
"CisBP_RNA","PUM2","1.2.1","TGTAVATWRNNVVBBBBSCCS"
"mCross","PUS1","1.2","BDGTRACTGNV"
"mCross","PUS1","1.3","DHACGTTATNV"
"mCross","PUS1","1.6","DHATATCCADR"
"mCross","PUS1","1.4","HNTATACCCWD"
"mCross","PUS1","1.5","KYTCKCTCTKY"
"mCross","PUS1","1.10","NWGCTAACTNH"
"mCross","PUS1","1.9","NYTCTGACANN"
"mCross","PUS1","1.1","RHATCGTTADB"
"mCross","PUS1","1.7","SNCCTCVCGDV"
"mCross","PUS1","1.8","TNTCRCTAGGC"
"CisBP_RNA","QK","1","ACTAACV"
"CisBP_RNA","QKI","1.1.3","ACTAACV"
"oRNAment","QKI","1.1.4","ACTAACV"
"mCross","QKI","1.2.2","HHTACTAAYHH"
"mCross","QKI","1.4.1","HNHTACTAAYH"
"mCross","QKI","1.4.2","HNHTACTAAYH"
"mCross","QKI","1.1.2","HTACTAAYHHH"
"mCross","QKI","1.1.1","HTACTAAYHHN"
"RBPDB","QKI","1.1.2","NHHYAAYHBN"
"mCross","QKI","1.2.1","NHTACTAAYHH"
"CisBP_RNA","QKI","1.2.1","TACTAAC"
"oRNAment","QKI","1.2.2","TACTAAC"
"RBPDB","QKI","1.2.3","TACTAAC"
"mCross","QKI","1.3.1","WACTAACAWNN"
"mCross","QKI","1.3.2","WACTAACAWNN"
"CisBP_RNA","RALY","1.1","TTTTTTB"
"oRNAment","RALY","1.2","TTTTTTB"
"CisBP_RNA","RALYL","1","HTTTTTK"
"oRNAment","RALYL","1.2","NNTTTTT"
"oRNAment","RALYL","1.1","NTTNTTT"
"CisBP_RNA","RBFOX1","1","WGCATGM"
"oRNAment","RBFOX2","1.2","HGCATGN"
"mCross","RBFOX2","1.3.2","NNNTGCATGHN"
"mCross","RBFOX2","1.2.1","NNNTGCATGNN"
"mCross","RBFOX2","1.1.2","NNTGCATGHNN"
"mCross","RBFOX2","1.1.1","NNTGCATGNNN"
"mCross","RBFOX2","1.2.2","NTGCATGYNNN"
"mCross","RBFOX2","1.3.1","NWGCATGBHNN"
"mCross","RBFOX2","1.4","NWGCATGKGNN"
"CisBP_RNA","RBFOX2","1.1","WGCATGM"
"oRNAment","RBFOX3","1.2","NGCATGN"
"CisBP_RNA","RBFOX3","1.1","WGCATGM"
"mCross","RBM15","1.3","NNCGCTTTGNN"
"mCross","RBM15","1.2","NNTTGCVVSNN"
"mCross","RBM15","1.1","NNTTTGCCRNN"
"oRNAment","RBM15B","1.3","NHTTTTT"
"oRNAment","RBM15B","1.2","TTTAWTT"
"oRNAment","RBM15B","1.1","TTTNTTT"
"mCross","RBM22","1.4.1","BBCCYKGGGNN"
"mCross","RBM22","1.7.1","BBGGGGTCCNB"
"mCross","RBM22","1.3.1","BBTCCCGGGNB"
"mCross","RBM22","1.8","BKGGCYGGGNB"
"mCross","RBM22","1.7.2","HBTTAGACCHN"
"mCross","RBM22","1.5.1","NBTGAGTGCNN"
"mCross","RBM22","1.6.2","NDGGCTTTCHN"
"mCross","RBM22","1.1.2","NDGGTAMTTBN"
"mCross","RBM22","1.2.1","NDGTGRGTGNB"
"mCross","RBM22","1.5.2","NDGTRAGTTNN"
"mCross","RBM22","1.2.2","NNAACACKTDN"
"mCross","RBM22","1.4.2","NNCCTTGRGNN"
"mCross","RBM22","1.6.1","NNGGTGAGTBN"
"mCross","RBM22","1.1.1","NNGGTGCCCNN"
"mCross","RBM22","1.3.2","NNTAAGTCTKD"
"oRNAment","RBM22","1","TTACCGG"
"oRNAment","RBM23","1.1","MCYCCCC"
"oRNAment","RBM23","1.2","SCTTRAC"
"oRNAment","RBM24","1.2","DTGTGTK"
"oRNAment","RBM24","1.1","KYTTTTH"
"CisBP_RNA","RBM24","1","WGWGTGD"
"oRNAment","RBM24","1.3","WGWGTGD"
"oRNAment","RBM25","1.1","GGGGDGG"
"oRNAment","RBM25","1.3","GSMKGGG"
"oRNAment","RBM25","1.2","RGGGGCM"
"mCross","RBM27","1.1","BSCSCGCRTSB"
"mCross","RBM27","1.2","DWATTAGCDNV"
"mCross","RBM27","1.5","KDGTGASGTGB"
"mCross","RBM27","1.4","NBCKCGTGTSN"
"mCross","RBM27","1.3","WYTGTACTCBB"
"CisBP_RNA","RBM28","1.1","GWGTAGD"
"oRNAment","RBM28","1.2","GWGTAGD"
"CisBP_RNA","RBM3","1.1","RADACKA"
"oRNAment","RBM3","1.2","RADACKA"
"oRNAment","Rbm38","1","KKGTGTK"
"CisBP_RNA","RBM38","1","KKGTGTK"
"RBPDB","RBM4","1","CGSG"
"CisBP_RNA","RBM4","1.2.1","GCGCGSG"
"oRNAment","RBM4","1.5","GCGCGSG"
"CisBP_RNA","RBM4","1.1.1","GCGCGSS"
"oRNAment","RBM4","1.4","GCGCGSS"
"oRNAment","RBM4","1.1.2","GCGCGYN"
"oRNAment","RBM4","1.3","GCRTGCB"
"oRNAment","RBM4","1.2.2","GCTRCGY"
"oRNAment","RBM41","1.1","HTACWTH"
"oRNAment","RBM41","1.2","MTACATV"
"CisBP_RNA","RBM41","1","WTACWTK"
"oRNAment","RBM41","1.3","WTACWTK"
"CisBP_RNA","RBM42","1.1","AACTAMG"
"oRNAment","RBM42","1.2","AACTAMG"
"oRNAment","Rbm45","1","GACGAMV"
"oRNAment","RBM45","1.2","ACAWBAC"
"oRNAment","RBM45","1.6","ACGACGM"
"oRNAment","RBM45","1.1","ACRCDAC"
"oRNAment","RBM45","1.5","ACRTACA"
"oRNAment","RBM45","1.3","ACTDACD"
"CisBP_RNA","RBM45","1","GACGAMV"
"oRNAment","RBM45","1.4","GRCRCCC"
"CisBP_RNA","RBM46","1.1","RATSAWD"
"oRNAment","RBM46","1.2","RATSAWD"
"oRNAment","RBM47","1.2","AAATTAN"
"CisBP_RNA","RBM47","1","GATGAWN"
"oRNAment","RBM47","1.1","HAATYAN"
"oRNAment","RBM4B","1.3","DCGSGGN"
"CisBP_RNA","RBM4B","1","GCGCGSS"
"oRNAment","RBM4B","1.4","GCGGDAN"
"oRNAment","RBM4B","1.2","GKGTCGN"
"oRNAment","RBM4B","1.1","NCGCGSG"
"CisBP_RNA","RBM5","1.1.1","GARGGWR"
"oRNAment","RBM5","1.1.2","GARGGWR"
"CisBP_RNA","RBM5","1.2.1","SAAGGRG"
"oRNAment","RBM5","1.2.2","SAAGGRG"
"oRNAment","RBM6","1.4","CACCYCC"
"oRNAment","RBM6","1.2","CCHATCC"
"oRNAment","RBM6","1.3","GTCCRCN"
"CisBP_RNA","RBM6","1","HATCCAR"
"oRNAment","RBM6","1.5","HATCCAR"
"oRNAment","RBM6","1.1","HGTCCCB"
"CisBP_RNA","RBM8A","1.1","RYGCGCB"
"oRNAment","RBM8A","1.2","RYGCGCB"
"CisBP_RNA","RBMS1","1.1","KATATAS"
"oRNAment","RBMS1","1.2","KATATAS"
"CisBP_RNA","RBMS2","1","KATATAS"
"oRNAment","RBMS2","1.1","NTATABN"
"oRNAment","RBMS2","1.3","VTATTTA"
"oRNAment","RBMS2","1.2","WTATAHN"
"oRNAment","RBMS3","1.4","ATACATA"
"CisBP_RNA","RBMS3","1.2.1","HATATAN"
"oRNAment","RBMS3","1.6","HATATAN"
"oRNAment","RBMS3","1.2.2","HTATAMD"
"CisBP_RNA","RBMS3","1.1.1","MTATAKM"
"oRNAment","RBMS3","1.5","MTATAKM"
"oRNAment","RBMS3","1.1.2","NNTATAN"
"oRNAment","RBMS3","1.3","TATTWAN"
"CisBP_RNA","RBMX","1.1","CCMB"
"RBPDB","RBMX","1.2","CCMB"
"CisBP_RNA","RBMXL1","1","CCMB"
"CisBP_RNA","RBMXL2","1","CCMB"
"CisBP_RNA","RBMXL3","1","CCMB"
"CisBP_RNA","RBMXRT","1","CCMB"
"CisBP_RNA","RBMY1A1","1.2.1","CTCAA"
"RBPDB","RBMY1A1","1.2.2","CTCAA"
"CisBP_RNA","RBMY1A1","1.1.1","CWCAA"
"RBPDB","RBMY1A1","1.1.2","CWCAA"
"CisBP_RNA","RBMY1B","1","CWCAA"
"CisBP_RNA","RBMY1D","1","CWCAA"
"CisBP_RNA","RBMY1E","1","CWCAA"
"CisBP_RNA","RBMY1F","1","CWCAA"
"CisBP_RNA","RBMY1J","1","CWCAA"
"oRNAment","Rbp1","1","WCAACRR"
"oRNAment","RC3H1","1.4","CACATTG"
"oRNAment","RC3H1","1.2","MYTATVK"
"oRNAment","RC3H1","1.3","WCYGTKW"
"oRNAment","RC3H1","1.1","YWTATTD"
"CisBP_RNA","ROD1","1","HYTTTYT"
"mCross","RPS11","1.10","AWAYGTATYMY"
"mCross","RPS11","1.3","DBCATAGATKD"
"mCross","RPS11","1.5","DGYGTTAGCTB"
"mCross","RPS11","1.2","HBCNGTAATDB"
"mCross","RPS11","1.9","HVATWCCTCNV"
"mCross","RPS11","1.8","KRGACGCTASR"
"mCross","RPS11","1.1","NBTCATAGADV"
"mCross","RPS11","1.4","VMAGTACWCHV"
"mCross","RPS11","1.7","YBTCCTGAGND"
"mCross","RPS11","1.6","YYCMCACTCYB"
"mCross","RPS5","1.3.1","NDGCATGYNBB"
"mCross","RPS5","1.2.1","NNNTGCATGNN"
"mCross","RPS5","1.2.2","NNNTGCATGNN"
"mCross","RPS5","1.1.1","NNTGCATGHNN"
"mCross","RPS5","1.1.2","NNTGCATGNNN"
"mCross","RPS5","1.3.2","NTGCATGYWNN"
"oRNAment","Rsf1","1","ACGACGV"
"mCross","SAFB2","1.4","DDGGARAGARR"
"mCross","SAFB2","1.3","DNAGGRAGGVV"
"mCross","SAFB2","1.6","DNNAGGRAGVN"
"mCross","SAFB2","1.2","DNTARGGAGNN"
"mCross","SAFB2","1.8","DRAGAGGSAGV"
"mCross","SAFB2","1.1","GRAGGGVAAVR"
"mCross","SAFB2","1.7","NDCAGGGARNN"
"mCross","SAFB2","1.5","NNAGGGAGRNN"
"mCross","SAFB2","1.9","RRGGAGTGKNN"
"CisBP_RNA","SAMD4","1","GCKGGHM"
"CisBP_RNA","SAMD4A","1.1","GCKGGHM"
"oRNAment","SAMD4A","1.2","GCKGGHM"
"CisBP_RNA","SAMD4B","1","GCKGGHM"
"CisBP_RNA","SART3","1.1","ARAAAAM"
"oRNAment","SART3","1.2","ARAAAAM"
"mCross","SBDS","1.6","ANAAATSRGHN"
"mCross","SBDS","1.10","BSCCCGCGTBB"
"mCross","SBDS","1.3","BWCCGSGTTBC"
"mCross","SBDS","1.2","DHTAAATCVNV"
"mCross","SBDS","1.7","DNTATACYCNY"
"mCross","SBDS","1.4","HHTCTGACABB"
"mCross","SBDS","1.1","HNGGCTMCAVN"
"mCross","SBDS","1.8","KVAATCGGCDB"
"mCross","SBDS","1.5","NWGCKYTCTDY"
"mCross","SBDS","1.9","WKMTAAATCMN"
"mCross","SERBP1","1.7","ADAKTTTWCYT"
"mCross","SERBP1","1.5","GYAGGCSTRAR"
"mCross","SERBP1","1.2","HNAAACCTABB"
"mCross","SERBP1","1.1","NNGTKCAAANN"
"mCross","SERBP1","1.4","NYACCCTATNS"
"mCross","SERBP1","1.3","RVATADCCAHK"
"mCross","SERBP1","1.6","SSTGCTTGASY"
"oRNAment","SF1","1.2","MTAACCM"
"oRNAment","SF1","1.1","NHTAACM"
"oRNAment","SF1","1.3","NHTAATN"
"mCross","SF3A3","1.5","NBCTCTGVCNB"
"mCross","SF3A3","1.4","NBTCTAGGTNN"
"mCross","SF3A3","1.3","NNCCACAGGNV"
"mCross","SF3A3","1.2","NNSTTTCAGNN"
"mCross","SF3A3","1.6","NNTCTGMCCNN"
"mCross","SF3A3","1.8","NNTGTCTCTBN"
"mCross","SF3A3","1.1","NNTTTCAGRNN"
"mCross","SF3A3","1.7","NNTTTGCAGNN"
"mCross","SF3B1","1.3","ASACTATTCMK"
"mCross","SF3B1","1.2","DVCTAAWTANT"
"mCross","SF3B1","1.4","MRGSTAAMTWM"
"mCross","SF3B1","1.8","NNWGGCTATNV"
"mCross","SF3B1","1.7","SVCTAGTCCKB"
"mCross","SF3B1","1.5","VRASTSCTTVB"
"mCross","SF3B1","1.1","WRAVCHAHCRV"
"mCross","SF3B1","1.9","WVAACTAVCAG"
"mCross","SF3B1","1.6","YKTAAYTDGWM"
"CisBP_RNA","SF3B4","1","NCAAAAG"
"mCross","SF3B4","1.2.1","NNCTCTGMCNB"
"mCross","SF3B4","1.4","NNCTGACTCHB"
"mCross","SF3B4","1.6","NNCTTKCAGNN"
"mCross","SF3B4","1.2.2","NNTCHAGGTNN"
"mCross","SF3B4","1.1.1","NNTCTGACYBB"
"mCross","SF3B4","1.5","NNTGWCTCTBN"
"mCross","SF3B4","1.3.1","NNTTKCAGGNN"
"mCross","SF3B4","1.1.2","NNTTKYAGRNN"
"mCross","SF3B4","1.3.2","NNYTYWCAGNN"
"oRNAment","SFPQ","1.6","AGTAABG"
"oRNAment","SFPQ","1.5.2","CGGGGCN"
"oRNAment","SFPQ","1.3.2","GCATGYN"
"oRNAment","SFPQ","1.4.2","GCCCGRN"
"CisBP_RNA","SFPQ","1","KTRRTKK"
"oRNAment","SFPQ","1.7","KTRRTKK"
"mCross","SFPQ","1.1.1","NNRTDCCGTNN"
"mCross","SFPQ","1.2.1","NNTDCCGTSNN"
"mCross","SFPQ","1.5.1","NNTGTDCCGNN"
"mCross","SFPQ","1.4.1","NNTRTTCCGHN"
"oRNAment","SFPQ","1.2.2","RTAGTGW"
"oRNAment","SFPQ","1.1.2","TGTAAKN"
"mCross","SFPQ","1.3.1","TNCYGTMATNN"
"mCross","SLBP","1.10","HTTBCCAKTYT"
"mCross","SLBP","1.4","HYTSAGAGCCV"
"mCross","SLBP","1.8","MSSMGCCACSC"
"mCross","SLBP","1.2","NAARGGCTCYW"
"mCross","SLBP","1.1","NDAAAGGCTNH"
"mCross","SLBP","1.3","TDGGCTCTTKW"
"mCross","SLBP","1.6","WHAKGCTCTNB"
"mCross","SLBP","1.5","WYMAAAGGCYH"
"mCross","SLBP","1.7","WYTTCAGAKMM"
"mCross","SLBP","1.9","YCYCCAAAGGS"
"mCross","SMNDC1","1.1.1","DDACTGAHTKB"
"mCross","SMNDC1","1.3.1","DHTAYTGACNN"
"mCross","SMNDC1","1.9","DVCAATCTANN"
"mCross","SMNDC1","1.5.2","HDCTAACATND"
"mCross","SMNDC1","1.6","HNACCATACHH"
"mCross","SMNDC1","1.2.2","HNTWYTGACHN"
"mCross","SMNDC1","1.5.1","NDGATACTAVN"
"mCross","SMNDC1","1.7","NHCTAACCCNH"
"mCross","SMNDC1","1.4.1","NNACTCTATWN"
"mCross","SMNDC1","1.8","NNCTACTGANN"
"mCross","SMNDC1","1.4.2","NNCTGACACNN"
"mCross","SMNDC1","1.3.2","NNTCTAGGTNN"
"mCross","SMNDC1","1.2.1","NNTKACACTNN"
"mCross","SMNDC1","1.1.2","NNWYTGACWNN"
"mCross","SND1","1.4.1","BNACCGTGTBN"
"mCross","SND1","1.9.2","BNACTACGCNN"
"mCross","SND1","1.4.2","HHTTYGAACNN"
"mCross","SND1","1.1.2","HNTWTGGCCHN"
"mCross","SND1","1.1.1","NBTACACGGNV"
"mCross","SND1","1.10.1","NBTACCGTGNN"
"mCross","SND1","1.8.2","NDGTTCACGNN"
"mCross","SND1","1.10.2","NHACCTACGNN"
"mCross","SND1","1.5.2","NHTATCATCNN"
"mCross","SND1","1.9.1","NNACTACCGNN"
"mCross","SND1","1.8.1","NNAGGCGCTNN"
"mCross","SND1","1.7.2","NNATTGCACNN"
"mCross","SND1","1.7.1","NNCGAACGTBN"
"mCross","SND1","1.3.2","NNCTACACABN"
"mCross","SND1","1.2.1","NNGACGGCTNB"
"mCross","SND1","1.3.1","NNGGCGCTABN"
"mCross","SND1","1.6.1","NNGGGCTACNN"
"mCross","SND1","1.2.2","NNTACCTACNN"
"mCross","SND1","1.5.1","NNTTACCGGNV"
"mCross","SND1","1.6.2","NNYGTGCATBB"
"CisBP_RNA","SNRNP70","1.1","RWTCAAG"
"oRNAment","SNRNP70","1.2","RWTCAAG"
"CisBP_RNA","SNRPA","1.3.1","ATTGCAC"
"CisBP_RNA","SNRPA","1.3.2","ATTGCAC"
"oRNAment","SNRPA","1.4.1","ATTGCAC"
"oRNAment","SNRPA","1.4.2","ATTGCAC"
"RBPDB","SNRPA","1.4.3","ATTGCAC"
"RBPDB","SNRPA","1.5.3","ATTGCAC"
"CisBP_RNA","SNRPA","1.2.1","ATTGCACH"
"RBPDB","SNRPA","1.2.2","ATTGCACH"
"CisBP_RNA","SNRPA","1.6.1","GGGDATGCTG"
"RBPDB","SNRPA","1.6.2","GGGDATGCTG"
"CisBP_RNA","SNRPA","1.5.1","GWTWCCWGYTA"
"RBPDB","SNRPA","1.5.2","GWTWCCWGYTA"
"RBPDB","SNRPA","1.1.2","HTTGCAC"
"oRNAment","SNRPA","1.2.3","NAGCACG"
"oRNAment","SNRPA","1.1.3","NWGCACD"
"CisBP_RNA","SNRPA","1.7.1","RVGCAGTAGKS"
"RBPDB","SNRPA","1.7.2","RVGCAGTAGKS"
"CisBP_RNA","SNRPA","1.6.3","WGGAGAT"
"oRNAment","SNRPA","1.8.1","WGGAGAT"
"RBPDB","SNRPA","1.8.2","WGGAGAT"
"CisBP_RNA","SNRPA","1.1.1","WTGCACR"
"oRNAment","SNRPA","1.3.3","WTGCACR"
"CisBP_RNA","SNRPB2","1","NTWGCACN"
"CisBP_RNA","SRSF1","1.6.3","ACGCGCR"
"oRNAment","SRSF1","1.8","ACGCGCR"
"CisBP_RNA","SRSF1","1.2.1","GGAGGAN"
"oRNAment","SRSF1","1.2.2","GGAGGAN"
"CisBP_RNA","SRSF1","1.3.1","GGASGRV"
"CisBP_RNA","SRSF1","1.3.2","GGASGRV"
"oRNAment","SRSF1","1.4.1","GGASGRV"
"oRNAment","SRSF1","1.4.2","GGASGRV"
"CisBP_RNA","SRSF1","1.5.2","GGRGGAV"
"oRNAment","SRSF1","1.6.1","GGRGGAV"
"CisBP_RNA","SRSF1","1.1.3","GRAGGAN"
"oRNAment","SRSF1","1.1.2","GRAGGAN"
"CisBP_RNA","SRSF1","1.5.1","NAGGASMN"
"mCross","SRSF1","1.2.2","NBMTGGACYNB"
"mCross","SRSF1","1.1.2","NBTGGABCTSN"
"mCross","SRSF1","1.7.2","NBTTGGATCNN"
"mCross","SRSF1","1.6.2","NCTGGACCWGN"
"mCross","SRSF1","1.5.1","NNCMTGGACNN"
"mCross","SRSF1","1.5.2","NNCMTGGACNN"
"mCross","SRSF1","1.1.1","NNCTGGACMNS"
"mCross","SRSF1","1.2.1","NNHBCTGGASV"
"mCross","SRSF1","1.3.1","NNMTGGACCNS"
"mCross","SRSF1","1.4.2","NNMYCTGGANN"
"mCross","SRSF1","1.3.2","NNTCTGGAMNN"
"mCross","SRSF1","1.4.1","NNTGGACCWSV"
"CisBP_RNA","SRSF1","1.7.1","RGAAGRAC"
"CisBP_RNA","SRSF1","1.9","WDGACRRAGC"
"CisBP_RNA","SRSF10","1","AGAGAVM"
"oRNAment","SRSF10","1.2","GYRWGCA"
"oRNAment","SRSF10","1.1","WGCAGCA"
"oRNAment","SRSF11","1.2","AGAGAGA"
"oRNAment","SRSF11","1.1","RWGCAGM"
"CisBP_RNA","SRSF12","1","AGAGAVM"
"oRNAment","SRSF2","1.4.2","AGGDGRK"
"CisBP_RNA","SRSF2","1.4.1","AGSAGAGDW"
"CisBP_RNA","SRSF2","1.2.1","GTTCSAGKW"
"oRNAment","SRSF2","1.2.2","KTTCCAG"
"oRNAment","SRSF2","1.3.2","MGCGCAG"
"CisBP_RNA","SRSF2","1.1.1","NGGAGWDN"
"CisBP_RNA","SRSF2","1.3.1","TGTTCSAGWW"
"oRNAment","SRSF2","1.1.2","WGCAGCN"
"CisBP_RNA","SRSF3","1","WCAACRR"
"oRNAment","SRSF4","1.1","AGCAGYN"
"CisBP_RNA","SRSF4","1","GGASGRV"
"oRNAment","SRSF4","1.3","GGTGTGC"
"oRNAment","SRSF4","1.2","TGCTGCT"
"oRNAment","SRSF5","1.5","CAYCBCC"
"oRNAment","SRSF5","1.1","CCCCHCH"
"oRNAment","SRSF5","1.2","CGCYRCC"
"oRNAment","SRSF5","1.3","VMGCGCM"
"oRNAment","SRSF5","1.4","WGCAGCM"
"CisBP_RNA","SRSF6","1","GGASGRV"
"CisBP_RNA","SRSF7","1.3","ACGAKAGAH"
"CisBP_RNA","SRSF7","1.2","AGACKACGAY"
"mCross","SRSF7","1.6.2","DNGAAGAARDN"
"mCross","SRSF7","1.9.2","DVAGAAACKKB"
"mCross","SRSF7","1.2.2","DVAGAGACTKB"
"mCross","SRSF7","1.1.1","GHATGWGTGNR"
"mCross","SRSF7","1.9.1","GTGTGTGTGTG"
"CisBP_RNA","SRSF7","1.1","NACGACGN"
"mCross","SRSF7","1.1.2","NDGAACTTCNN"
"mCross","SRSF7","1.4.2","NNAAGAACAWS"
"mCross","SRSF7","1.7.2","NNACTTCGAVV"
"mCross","SRSF7","1.3.2","NNCATCGAGNN"
"mCross","SRSF7","1.2.1","NNCKTCKGANN"
"mCross","SRSF7","1.10","NNGAGATCTTY"
"mCross","SRSF7","1.6.1","NNGAGCGTCBN"
"mCross","SRSF7","1.3.1","NNGTCTTCGDV"
"mCross","SRSF7","1.7.1","NNTGAGATCNN"
"mCross","SRSF7","1.8.1","NNTGAGGATSN"
"mCross","SRSF7","1.5.2","NVAGATCKTCN"
"mCross","SRSF7","1.5.1","TGTGTGTGTGT"
"mCross","SRSF7","1.4.1","TGTGTGTGWRT"
"mCross","SRSF7","1.8.2","WSAWGATGANB"
"oRNAment","SRSF8","1.2","GGGGGDG"
"oRNAment","SRSF8","1.1","GYAGCWG"
"CisBP_RNA","SRSF9","1.3.1","AGSAS"
"CisBP_RNA","SRSF9","1.2.1","AKGAVMR"
"oRNAment","SRSF9","1.5.2","AKGAVMR"
"oRNAment","SRSF9","1.2.3","DGGGAAW"
"CisBP_RNA","SRSF9","1.1.1","KGRWGSM"
"oRNAment","SRSF9","1.4.2","KGRWGSM"
"oRNAment","SRSF9","1.3.3","KRGAAYA"
"mCross","SRSF9","1.3.2","NBTGGAYCTBN"
"mCross","SRSF9","1.2.2","NNCTGGASYNV"
"mCross","SRSF9","1.1.2","NNHWCTGGANN"
"mCross","SRSF9","1.4.1","NNTCTGGASNN"
"mCross","SRSF9","1.5.1","NNWSCTGGAVN"
"oRNAment","SRSF9","1.1.3","NWGGAGN"
"CisBP_RNA","STAR-PAP","1","MRATACT"
"mCross","SUB1","1.2","BHATGYTAGSD"
"mCross","SUB1","1.4","BWGGATGTTDD"
"mCross","SUB1","1.6","DDGTTTKTGNN"
"mCross","SUB1","1.3","DDWWTGTGANN"
"mCross","SUB1","1.7","DNTTGGCKTKB"
"mCross","SUB1","1.5","NDGTBGTTTBD"
"mCross","SUB1","1.1","NDTTGTGAANN"
"mCross","SUGP2","1.9","BKKTCTCAGNN"
"mCross","SUGP2","1.2","HWKTYTTCTNN"
"mCross","SUGP2","1.4","HYTKTCTTCHN"
"mCross","SUGP2","1.7","KTTWGCCTGNN"
"mCross","SUGP2","1.1","NDGGCTTTCHN"
"mCross","SUGP2","1.8","NNAGCCTGTKN"
"mCross","SUGP2","1.6","NNCTTGGCANN"
"mCross","SUGP2","1.5","TKGCTAGCCNN"
"mCross","SUGP2","1.3","WKTCTGTSGNN"
"mCross","SUPV3L1","1.1","BNAGTTYGCHN"
"mCross","SUPV3L1","1.6","BNCTWCCTANN"
"mCross","SUPV3L1","1.2","NDGAATGCTNN"
"mCross","SUPV3L1","1.5","NNAGATTTCHN"
"mCross","SUPV3L1","1.4","NNTCACTCSKD"
"mCross","SUPV3L1","1.3","NSTACKAACNN"
"CisBP_RNA","SYNCRIP","1","MAAAWWD"
"oRNAment","TAF15","1.2","DCCCCCC"
"mCross","TAF15","1.2.1","DDGAATGGTND"
"mCross","TAF15","1.9","DDGGTGTTGDN"
"mCross","TAF15","1.6.1","DDGGTTGAADN"
"mCross","TAF15","1.6.2","DDGKAGGAAGV"
"mCross","TAF15","1.4.2","DDGTGGTAAVD"
"mCross","TAF15","1.1.2","DDGYGTGTAKG"
"mCross","TAF15","1.7.2","DGGAGCATANN"
"mCross","TAF15","1.3.2","DKGKAGCAGDR"
"mCross","TAF15","1.2.2","DKGTAAGGWND"
"mCross","TAF15","1.5.2","DKKTTTGAGDN"
"mCross","TAF15","1.3.1","DNAGGAAKGNN"
"mCross","TAF15","1.5.1","DNTARGGAGNN"
"mCross","TAF15","1.8.1","DNTGGKAGGRN"
"oRNAment","TAF15","1.1","GGGGGGG"
"CisBP_RNA","TAF15","1","GGTG"
"mCross","TAF15","1.1.1","GRAGGGCARVN"
"mCross","TAF15","1.10","NDGBAGGGAGN"
"mCross","TAF15","1.7.1","NDGTCAGGKDK"
"mCross","TAF15","1.4.1","NRGRGAGGTNN"
"oRNAment","TAF15","1.3","SCGCGCH"
"mCross","TAF15","1.8.2","TKTAGAAMRBN"
"oRNAment","TARDBP","1.1.2","DGTRTGN"
"oRNAment","TARDBP","1.2.2","DGWGTGN"
"mCross","TARDBP","1.1.1","DNTGAATGRDD"
"mCross","TARDBP","1.2.1","GTGTGTGTGTG"
"CisBP_RNA","TARDBP","1","NGAATGDN"
"mCross","TARDBP","1.3","TGTGTGTGTGT"
"mCross","TBRG4","1.1.2","BBATAGSSAKD"
"mCross","TBRG4","1.5.1","BBMGCTAAAYH"
"mCross","TBRG4","1.7.2","BMAAAHKGCNN"
"mCross","TBRG4","1.6.1","BVAKCTGRGWN"
"mCross","TBRG4","1.4.1","DNGTATKTCYH"
"mCross","TBRG4","1.10.1","DNKCATACACM"
"mCross","TBRG4","1.9.1","DTTGGTATCHB"
"mCross","TBRG4","1.2.1","HHAGCCTTHHN"
"mCross","TBRG4","1.7.1","HHTMTGTCABY"
"mCross","TBRG4","1.4.2","HNCTTTTYGNN"
"mCross","TBRG4","1.6.2","NDATCCCTANN"
"mCross","TBRG4","1.3.2","NDGACAATTKN"
"mCross","TBRG4","1.9.2","NDNGGTTAADW"
"mCross","TBRG4","1.10.2","NKGATAGGCVD"
"mCross","TBRG4","1.8.1","NNCAATADTBN"
"mCross","TBRG4","1.2.2","NNCBTAATTNK"
"mCross","TBRG4","1.5.2","RNGYGTGTCNS"
"mCross","TBRG4","1.1.1","VDGTMTCCABD"
"mCross","TBRG4","1.3.1","VHDKAGCAANV"
"mCross","TBRG4","1.8.2","YTTTAAGMGVD"
"mCross","TIA1","1.5.1","HHTTTYTGGNN"
"mCross","TIA1","1.1.1","HHTYTTTGGNN"
"mCross","TIA1","1.4.1","HTTTYTTKGNN"
"mCross","TIA1","1.6.1","KDGGTATGTKD"
"mCross","TIA1","1.2.1","NDGGTACTTKN"
"mCross","TIA1","1.4.2","NNCTTGGTCNB"
"mCross","TIA1","1.3.2","NNCTTTGGTNN"
"mCross","TIA1","1.6.2","NNTCTGGCTBB"
"mCross","TIA1","1.7","NNTSGGGTCNB"
"mCross","TIA1","1.5.2","NNTTCTGGTBN"
"mCross","TIA1","1.1.2","NNTYTTKGSNN"
"mCross","TIA1","1.2.2","NNYTCTTGGNN"
"mCross","TIA1","1.3.1","NNYTTTKGGNN"
"oRNAment","TIA1","1.2.2","NTTTATW"
"oRNAment","TIA1","1.1.2","TTTHTTT"
"CisBP_RNA","TIA1","1.1.1","TTTTTBK"
"oRNAment","TIA1","1.3","TTTTTBK"
"CisBP_RNA","TIA1","1.2.1","WTTTTTB"
"oRNAment","TIA1","1.4","WTTTTTB"
"CisBP_RNA","TIAL1","1","TTTTTBK"
"mCross","TNRC6A","1.6","HTRCAYACAYV"
"mCross","TNRC6A","1.1","HYWTGCACABV"
"mCross","TNRC6A","1.5","MHACTBACABN"
"mCross","TNRC6A","1.7","NNAAACGSGNR"
"mCross","TNRC6A","1.2","WYACACACWYN"
"mCross","TNRC6A","1.3","WYACACWCAYN"
"mCross","TNRC6A","1.4","YDCAYACAYNY"
"mCross","TRA2A","1.4.1","DDAGACAAGNN"
"mCross","TRA2A","1.5.1","DDRAAGAAGNN"
"mCross","TRA2A","1.1.2","DDSAAGAARNN"
"mCross","TRA2A","1.2.2","DNAAGAAVHDN"
"mCross","TRA2A","1.3.1","DNARGARGADD"
"oRNAment","TRA2A","1.1","HAGAARA"
"mCross","TRA2A","1.4.2","NNAAGAAAGNN"
"mCross","TRA2A","1.5.2","NNAGAAGMANN"
"mCross","TRA2A","1.3.2","NNTGGAAGADN"
"mCross","TRA2A","1.2.1","NWAGAAGAADN"
"mCross","TRA2A","1.1.1","WDGAAGAARND"
"oRNAment","TRA2A","1.2","YCYGAAN"
"oRNAment","TRNAU1AP","1.2","MTTTTTA"
"oRNAment","TRNAU1AP","1.1","THTTTTT"
"oRNAment","TRNAU1AP","1.3","TTAAWTT"
"mCross","TROVE2","1.8","DHATAAGCGNN"
"mCross","TROVE2","1.2.1","DNAAGGAKAVD"
"mCross","TROVE2","1.1.2","DNGACRCTABB"
"mCross","TROVE2","1.10","HBCSCTCTTBB"
"mCross","TROVE2","1.6","HHCGTAACGDB"
"mCross","TROVE2","1.4","NBTWTGCTCHN"
"mCross","TROVE2","1.5","NDCACTAGTNN"
"mCross","TROVE2","1.9","NDGATGCTTNN"
"mCross","TROVE2","1.1.1","NDGTVNAACHK"
"mCross","TROVE2","1.7","NKAMGCTAGBR"
"mCross","TROVE2","1.2.2","NKKTTGCTCHN"
"mCross","TROVE2","1.3","NNCGCGAATND"
"CisBP_RNA","TUT1","1","MRATACT"
"mCross","U2AF1","1.1.1","HYTYCACAGNN"
"mCross","U2AF1","1.1.2","HYTYTAGGTNN"
"mCross","U2AF1","1.5.1","NHCCACAGGNN"
"mCross","U2AF1","1.4.1","NYTCTAGGTNN"
"mCross","U2AF1","1.2.2","YTTTTYAGGNN"
"mCross","U2AF1","1.2.1","YTTTYYAGGNN"
"mCross","U2AF1","1.3.1","YYTTCTTCCHN"
"mCross","U2AF1","1.6.1","YYTTTCTCCHN"
"mCross","U2AF1","1.7","YYTTTYTCCYN"
"mCross","U2AF1","1.3.2","YYTTYTAGGNN"
"mCross","U2AF1","1.4.2","YYTTYTTCCHN"
"mCross","U2AF1","1.5.2","YYTYCACAGNN"
"mCross","U2AF1","1.6.2","YYTYTTYTTYY"
"mCross","U2AF2","1.3.1","HTTCTAGGTNB"
"mCross","U2AF2","1.1.2","HTTTTYAGGNN"
"mCross","U2AF2","1.7.1","HTTTYACAGNN"
"mCross","U2AF2","1.6.2","HTTTYTAGGNN"
"mCross","U2AF2","1.6.1","HYTTTCTCCYH"
"mCross","U2AF2","1.2.2","HYTYTAGGTNN"
"CisBP_RNA","U2AF2","1.1","TTTTTYC"
"oRNAment","U2AF2","1.2","TTTTTYC"
"mCross","U2AF2","1.1.1","YTTTTCAGGNN"
"mCross","U2AF2","1.5.2","YTTTYACAGNN"
"mCross","U2AF2","1.5.1","YTTTYTAGGNN"
"mCross","U2AF2","1.2.1","YTYTTTCAGNN"
"mCross","U2AF2","1.10","YYCTTCTAGNN"
"mCross","U2AF2","1.9","YYTTCCTTCYH"
"mCross","U2AF2","1.4.1","YYTTCTTCCHN"
"mCross","U2AF2","1.3.2","YYTTCTYCCHN"
"mCross","U2AF2","1.8.2","YYTTTCTCCHN"
"mCross","U2AF2","1.7.2","YYTYTTCTTYY"
"mCross","U2AF2","1.8.1","YYTYTTCTTYY"
"mCross","U2AF2","1.4.2","YYYTTTCAGNN"
"mCross","UCHL5","1.2.2","DNAAGAASCNN"
"mCross","UCHL5","1.9.2","NDGAAGAAAND"
"mCross","UCHL5","1.7.1","NDGANGAAGNN"
"mCross","UCHL5","1.9.1","NDGATCAACNN"
"mCross","UCHL5","1.8.2","NNAGAACTGNN"
"mCross","UCHL5","1.1.1","NNATGGACCNB"
"mCross","UCHL5","1.5.2","NNATGGACCNN"
"mCross","UCHL5","1.1.2","NNCAAGCAADN"
"mCross","UCHL5","1.4.1","NNCAAGCAANN"
"mCross","UCHL5","1.3.1","NNCATCGAGNN"
"mCross","UCHL5","1.8.1","NNCATGGACNN"
"mCross","UCHL5","1.5.1","NNGGACATCNN"
"mCross","UCHL5","1.3.2","NNTCAAGCANN"
"mCross","UCHL5","1.7.2","NNTGATGGANN"
"mCross","UCHL5","1.6.1","NNTGATGGAVN"
"mCross","UCHL5","1.2.1","NNTGGACCANN"
"mCross","UCHL5","1.6.2","NNTGGACCANN"
"mCross","UCHL5","1.4.2","NNTGGAWGANN"
"mCross","UCHL5","1.10","NVAGATCKTBN"
"oRNAment","UNK","1.3","HATTAGN"
"oRNAment","UNK","1.1","TAGTWWD"
"oRNAment","UNK","1.2","TAGVTAG"
"oRNAment","UNK","1.4","TAGYAAN"
"mCross","XPO5","1.6","BNCCGCGTABN"
"mCross","XPO5","1.3","BNTGGCCTGNN"
"mCross","XPO5","1.7","NBTCTGACCHB"
"mCross","XPO5","1.5","NDGCCCTGKBN"
"mCross","XPO5","1.4","NDGGTTGCCNB"
"mCross","XPO5","1.1","NNCCTGTGCNN"
"mCross","XPO5","1.9","NNGCCTCAGNN"
"mCross","XPO5","1.8","NNTGCTCTGNN"
"mCross","XPO5","1.10","NNTGGTCCTBB"
"mCross","XPO5","1.2","NVAGGCTTCNB"
"mCross","XRCC6","1.3.1","BBTGCTSTGNN"
"mCross","XRCC6","1.4.2","BDGCAASCTBB"
"mCross","XRCC6","1.7","BHTGAGGTCNB"
"mCross","XRCC6","1.2.1","BNTACCGTCNB"
"mCross","XRCC6","1.8","DBCTATACCNN"
"mCross","XRCC6","1.3.2","HBCATABGGDK"
"mCross","XRCC6","1.1.1","HHACTCTDTBD"
"mCross","XRCC6","1.2.2","KBYGTAGTADK"
"mCross","XRCC6","1.6","NBCTGGCACBN"
"mCross","XRCC6","1.4.1","NHTATACCGNN"
"mCross","XRCC6","1.9","NKGTTGCTCHB"
"mCross","XRCC6","1.10","NNATACCGTNN"
"mCross","XRCC6","1.5","NNATGAGTGNN"
"mCross","XRCC6","1.1.2","TTTAAVGAGHN"
"mCross","XRN2","1.4.2","BBCCCGGGKNN"
"mCross","XRN2","1.1.2","BBGGGGCGSNS"
"mCross","XRN2","1.8","BBGGGTCCGSB"
"mCross","XRN2","1.5.2","BNCGGTCCCNB"
"mCross","XRN2","1.2.1","BNGGGGGSCNS"
"mCross","XRN2","1.3.1","BNGGGYCCCNV"
"mCross","XRN2","1.7","BSCGGGGCGSS"
"mCross","XRN2","1.6.2","NBCCGGGCTBB"
"mCross","XRN2","1.3.2","NBGGGCCCCNN"
"mCross","XRN2","1.9","NBTGGCCTGBN"
"mCross","XRN2","1.4.1","NDGCGGGGGNV"
"mCross","XRN2","1.1.1","NNCCCKGGGVN"
"mCross","XRN2","1.5.1","NNGGCGGGGNV"
"mCross","XRN2","1.2.2","NNGGGSGCTBN"
"mCross","XRN2","1.6.1","SNGGGCGSGSS"
"CisBP_RNA","YB-1","1.2","AACATCD"
"CisBP_RNA","YB-1","1.1","AACATCN"
"CisBP_RNA","YBX1","1.1","AACATCN"
"RBPDB","YBX1","1.2","BCTGCG"
"CisBP_RNA","YBX2","1.1","AACAWCD"
"oRNAment","YBX2","1.2","AACAWCD"
"mCross","YBX3","1.1","NNGTCAHCWNN"
"mCross","YBX3","1.2","NNWGTCANCNN"
"CisBP_RNA","YTHDC1","1.1","KMVTVC"
"RBPDB","YTHDC1","1.2","KMVTVC"
"mCross","YWHAG","1.1","DHCATAGATND"
"mCross","YWHAG","1.3","NBAGTCTCGBN"
"mCross","YWHAG","1.2","NWGGTCATANH"
"CisBP_RNA","ZC3H10","1.1","SSAGCGM"
"oRNAment","ZC3H10","1.2","SSAGCGM"
"CisBP_RNA","ZCRB1","1","GRHTTAAN"
"oRNAment","ZCRB1","1.2","HRYTTAA"
"oRNAment","ZCRB1","1.1","NHHTTAA"
"CisBP_RNA","ZFP36","1.1.1","AAHAARBAAAG"
"RBPDB","ZFP36","1.1.2","AAHAARBAAAG"
"oRNAment","ZFP36","1","TATTTAW"
"CisBP_RNA","ZFP36","1.2.1","TTATTTAWK"
"RBPDB","ZFP36","1.2.2","TTATTTAWK"
"oRNAment","ZNF326","1.1","GGATGTC"
"oRNAment","ZNF326","1.4","GGAYNCG"
"oRNAment","ZNF326","1.2","GWRTTCY"
"oRNAment","ZNF326","1.3","KGAWCGY"
"mCross","ZNF622","1.1","DNCAAGMAANN"
"mCross","ZNF622","1.2","NNAAGAACCDB"
"mCross","ZNF622","1.4","NNACCATCKNN"
"mCross","ZNF622","1.9","NNAGCAACANN"
"mCross","ZNF622","1.6","NNCATCGAGNN"
"mCross","ZNF622","1.8","NNGACTTCANN"
"mCross","ZNF622","1.5","NNGCHGAAADN"
"mCross","ZNF622","1.7","NNTCAAGCANN"
"mCross","ZNF622","1.3","NNTGATGGANN"
"CisBP_RNA","ZNF638","1.1","BGTTSKT"
"oRNAment","ZNF638","1.2","BGTTSKT"
"RBPDB","ZRANB2","1","AGGTAA"
"mCross","ZRANB2","1.2","DBGTGGTRRNB"
"mCross","ZRANB2","1.5","DDGGTAASGGR"
"mCross","ZRANB2","1.8","DNAHGGTATKD"
"mCross","ZRANB2","1.3","NDGGTGGTDNN"
"mCross","ZRANB2","1.7","NNCTGGTATND"
"mCross","ZRANB2","1.6","NNTGGTAAYDD"
"mCross","ZRANB2","1.4","NTNGGTAAADK"
"mCross","ZRANB2","1.1","RKGTRAGGTRB"
